school_name,lea_name,lea_no,isp,eligible
Alexander Wilson Elementary,Alamance-Burlington Schools,10,0.351,
Altamahaw Ossipee Elem,Alamance-Burlington Schools,10,0.348,
B Everett Jordan Elem,Alamance-Burlington Schools,10,0.378,
Broadview Middle,Alamance-Burlington Schools,10,0.581,X
E M Yoder Elementary,Alamance-Burlington Schools,10,0.316,
Eastlawn Elementary,Alamance-Burlington Schools,10,0.699,X
Garrett Elementary,Alamance-Burlington Schools,10,0.379,
Graham High,Alamance-Burlington Schools,10,0.439,X
Graham Middle,Alamance-Burlington Schools,10,0.492,X
Grove Park Elementary,Alamance-Burlington Schools,10,0.589,X
Harvey R Newlin Elementary,Alamance-Burlington Schools,10,0.678,X
Haw River Elementary,Alamance-Burlington Schools,10,0.623,X
Hillcrest Elementary,Alamance-Burlington Schools,10,0.589,X
Hugh M Cummings High,Alamance-Burlington Schools,10,0.478,X
North Graham Elementary,Alamance-Burlington Schools,10,0.697,X
Pleasant Grove Elementary,Alamance-Burlington Schools,10,0.552,X
R Homer Andrews Elementary,Alamance-Burlington Schools,10,0.614,X
Ray Street Academy,Alamance-Burlington Schools,10,0.558,X
South Graham Elementary,Alamance-Burlington Schools,10,0.555,X
Sylvan Elementary,Alamance-Burlington Schools,10,0.443,X
Turrentine Middle,Alamance-Burlington Schools,10,0.411,X
Walter M Williams High,Alamance-Burlington Schools,10,0.348,
East Alexander Middle,Alexander County Schools,20,0.347,
Ellendale Elementary,Alexander County Schools,20,0.452,X
Hiddenite Elementary,Alexander County Schools,20,0.467,X
Stony Point Elementary,Alexander County Schools,20,0.466,X
Sugar Loaf Elementary,Alexander County Schools,20,0.311,
Taylorsville Elementary,Alexander County Schools,20,0.62,X
Wittenburg Elementary,Alexander County Schools,20,0.401,X
Alleghany High,Alleghany County Schools,30,0.339,
Glade Creek Elementary,Alleghany County Schools,30,0.425,X
Sparta Elementary,Alleghany County Schools,30,0.494,X
Anson Challenge Academy,Anson County Schools,40,0.882,X
Anson High,Anson County Schools,40,0.544,X
Anson Middle,Anson County Schools,40,0.625,X
Anson New Technology School,Anson County Schools,40,0.481,X
Ansonville Elem,Anson County Schools,40,0.405,X
Lilesville Elementary,Anson County Schools,40,0.639,X
Morven Elementary,Anson County Schools,40,0.854,X
Peachland-Polkton Elem,Anson County Schools,40,0.568,X
Wadesboro Elementary,Anson County Schools,40,0.885,X
Wadesboro Primary,Anson County Schools,40,0.865,X
Ashe County High,Ashe County Schools,50,0.307,
Ashe County Middle,Ashe County Schools,50,0.432,X
Blue Ridge Elementary,Ashe County Schools,50,0.513,X
Mountain View Elementary,Ashe County Schools,50,0.475,X
Westwood Elementary,Ashe County Schools,50,0.405,X
Avery Middle,Avery County Schools,60,0.341,
Cranberry Middle,Avery County Schools,60,0.361,
Crossnore Elementary,Avery County Schools,60,0.326,
Freedom Trail Elementary,Avery County Schools,60,0.437,X
Newland Elementary,Avery County Schools,60,0.486,X
Riverside Elementary,Avery County Schools,60,0.435,X
B C Ed Tech Center,Beaufort County Schools,70,0.829,X
Chocowinity Middle,Beaufort County Schools,70,0.433,X
Chocowinity Primary,Beaufort County Schools,70,0.536,X
Eastern Elementary,Beaufort County Schools,70,0.582,X
John C Tayloe Elementary,Beaufort County Schools,70,0.549,X
John Small Elementary,Beaufort County Schools,70,0.529,X
Northeast Elementary,Beaufort County Schools,70,0.49,X
P S Jones Middle,Beaufort County Schools,70,0.489,X
S W Snowden Elementary,Beaufort County Schools,70,0.644,X
Southside High,Beaufort County Schools,70,0.4,X
Washington High,Beaufort County Schools,70,0.393,
Aulander Elementary,Bertie County Schools,80,0.68,X
Bertie Early College,Bertie County Schools,80,0.4,X
Bertie High,Bertie County Schools,80,0.535,X
Bertie Middle School,Bertie County Schools,80,0.614,X
Colerain Elementary,Bertie County Schools,80,0.683,X
West Bertie Elementary,Bertie County Schools,80,0.777,X
Windsor Elementary,Bertie County Schools,80,0.656,X
B T Washington Primary,Bladen County Schools,90,0.774,X
Bladen Lakes Primary,Bladen County Schools,90,0.623,X
Bladenboro Middle,Bladen County Schools,90,0.514,X
Bladenboro Primary,Bladen County Schools,90,0.61,X
Clarkton Sch of Discovery,Bladen County Schools,90,0.347,
Dublin Primary,Bladen County Schools,90,0.549,X
East Arcadia Elementary,Bladen County Schools,90,0.641,X
East Bladen High,Bladen County Schools,90,0.483,X
Elizabethtown Middle,Bladen County Schools,90,0.628,X
Elizabethtown Primary,Bladen County Schools,90,0.625,X
Plain View Primary,Bladen County Schools,90,0.739,X
Tar Heel Middle,Bladen County Schools,90,0.563,X
West Bladen High,Bladen County Schools,90,0.435,X
Belville Elementary,Brunswick County Schools,100,0.369,
Bolivia Elementary,Brunswick County Schools,100,0.42,X
Brunswick County Academy,Brunswick County Schools,100,0.638,X
Cedar Grove Middle School,Brunswick County Schools,100,0.469,X
Jessie Mae Monroe Elementary,Brunswick County Schools,100,0.514,X
Leland Middle,Brunswick County Schools,100,0.412,X
Lincoln Elementary,Brunswick County Schools,100,0.608,X
North Brunswick High,Brunswick County Schools,100,0.3,
Shallotte Middle,Brunswick County Schools,100,0.385,
South Brunswick Middle,Brunswick County Schools,100,0.314,
Southport Elementary,Brunswick County Schools,100,0.394,
Supply Elementary,Brunswick County Schools,100,0.625,X
Town Creek Elementary School,Brunswick County Schools,100,0.388,
Union Elementary,Brunswick County Schools,100,0.433,X
Virginia Williamson Elem,Brunswick County Schools,100,0.523,X
Waccamaw Elementary,Brunswick County Schools,100,0.444,X
West Brunswick High,Brunswick County Schools,100,0.307,
A C Reynolds Middle,Buncombe County Schools,110,0.364,
Avery's Creek Elementary,Buncombe County Schools,110,0.461,X
Barnardsville Elementary,Buncombe County Schools,110,0.507,X
Black Mountain Elementary,Buncombe County Schools,110,0.336,
Black Mountain Primary,Buncombe County Schools,110,0.38,
Candler Elementary,Buncombe County Schools,110,0.473,X
Charles C Bell Elementary,Buncombe County Schools,110,0.319,
Charles D Owen Middle,Buncombe County Schools,110,0.386,
Charles T. Koontz Intermediate,Buncombe County Schools,110,0.323,
Clyde A Erwin High,Buncombe County Schools,110,0.361,
Clyde A Erwin Middle,Buncombe County Schools,110,0.438,X
Community High School,Buncombe County Schools,110,0.589,X
Emma Elementary,Buncombe County Schools,110,0.59,X
Enka Middle,Buncombe County Schools,110,0.381,
Fairview Elementary,Buncombe County Schools,110,0.325,
Haw Creek Elementary,Buncombe County Schools,110,0.315,
Hominy Valley Elementary,Buncombe County Schools,110,0.338,
Joe P. Eblen Intermediate,Buncombe County Schools,110,0.489,X
Johnston Elementary,Buncombe County Schools,110,0.621,X
Leicester Elementary,Buncombe County Schools,110,0.569,X
North Buncombe Elementary,Buncombe County Schools,110,0.378,
North Windy Ridge,Buncombe County Schools,110,0.331,
Oakley Elementary,Buncombe County Schools,110,0.549,X
Pisgah Elementary,Buncombe County Schools,110,0.489,X
Sand Hill-Venable Elem,Buncombe County Schools,110,0.494,X
W D Williams Elementary,Buncombe County Schools,110,0.479,X
Weaverville Elementary,Buncombe County Schools,110,0.302,
Weaverville Primary,Buncombe County Schools,110,0.315,
West Buncombe Elementary,Buncombe County Schools,110,0.409,X
William W Estes Elementary,Buncombe County Schools,110,0.347,
Woodfin Elementary,Buncombe County Schools,110,0.469,X
Asheville Middle,Asheville City Schools,111,0.33,
Hall Fletcher Elementary,Asheville City Schools,111,0.425,X
Chesterfield Elementary,Burke County Schools,120,0.469,X
Drexel Elementary,Burke County Schools,120,0.358,
East Burke Middle,Burke County Schools,120,0.306,
Forest Hill Elementary,Burke County Schools,120,0.339,
George Hildebrand Elementary,Burke County Schools,120,0.394,
Glen Alpine Elementary,Burke County Schools,120,0.363,
Hallyburton Academy,Burke County Schools,120,0.428,X
Hildebran Elementary,Burke County Schools,120,0.335,
Icard Elementary,Burke County Schools,120,0.339,
Mountain Crest,Burke County Schools,120,0.518,X
Mull Elementary,Burke County Schools,120,0.332,
Oak Hill Elementary,Burke County Schools,120,0.346,
Ray Childers Elementary,Burke County Schools,120,0.416,X
Table Rock Middle,Burke County Schools,120,0.321,
Valdese Elementary,Burke County Schools,120,0.321,
W A Young Elementary,Burke County Schools,120,0.357,
Walter R Johnson Middle,Burke County Schools,120,0.373,
A T Allen Elementary,Cabarrus County Schools,130,0.382,
Bethel Elementary,Cabarrus County Schools,130,0.301,
Beverly Hills Elementary,Cabarrus County Schools,130,0.429,X
C C Griffin Middle,Cabarrus County Schools,130,0.346,
Carl A Furr Elementary,Cabarrus County Schools,130,0.305,
Coltrane Webb Magnet Elementary,Cabarrus County Schools,130,0.376,
Concord High,Cabarrus County Schools,130,0.344,
Concord Middle,Cabarrus County Schools,130,0.552,X
Long Pre-School,Cabarrus County Schools,130,1,X
Northwest Cabarrus Middle,Cabarrus County Schools,130,0.311,
Opportunity School,Cabarrus County Schools,130,0.544,X
R B McAllister Elementary,Cabarrus County Schools,130,0.451,X
Rocky River Elementary,Cabarrus County Schools,130,0.447,X
Royal Oaks Elementary,Cabarrus County Schools,130,0.617,X
W M Irvin Elementary,Cabarrus County Schools,130,0.539,X
Weddington Hills Elementary,Cabarrus County Schools,130,0.452,X
Winecoff Elementary,Cabarrus County Schools,130,0.525,X
Winkler Middle School,Cabarrus County Schools,130,0.331,
Wolf Meadow Elementary,Cabarrus County Schools,130,0.597,X
A L Brown High,Kannapolis City Schools,132,0.385,
Forest Park Elementary,Kannapolis City Schools,132,0.505,X
Fred L Wilson Elementary,Kannapolis City Schools,132,0.619,X
Jackson Park Elementary,Kannapolis City Schools,132,0.602,X
Kannapolis Interm,Kannapolis City Schools,132,0.505,X
Kannapolis Middle,Kannapolis City Schools,132,0.481,X
McKnight Head Start,Kannapolis City Schools,132,1,X
Shady Brook Elementary,Kannapolis City Schools,132,0.608,X
Woodrow Wilson Elementary,Kannapolis City Schools,132,0.593,X
Baton Elementary,Caldwell County Schools,140,0.427,X
Caldwell Co Gateway Sch,Caldwell County Schools,140,0.75,X
Collettsville School,Caldwell County Schools,140,0.395,
Davenport Elementary,Caldwell County Schools,140,0.484,X
Dudley Shoals Elementary,Caldwell County Schools,140,0.363,
Gamewell Elementary,Caldwell County Schools,140,0.531,X
Gamewell Middle,Caldwell County Schools,140,0.535,X
Granite Falls Elementary,Caldwell County Schools,140,0.358,
Granite Falls Middle,Caldwell County Schools,140,0.3,
Happy Valley Elementary,Caldwell County Schools,140,0.42,X
Hibriten High,Caldwell County Schools,140,0.347,
Horizons Elementary,Caldwell County Schools,140,0.792,X
Hudson Elementary,Caldwell County Schools,140,0.413,X
Hudson Middle,Caldwell County Schools,140,0.352,
Kings Creek Elementary,Caldwell County Schools,140,0.308,
Lower Creek Elementary,Caldwell County Schools,140,0.327,
Oak Hill Elementary,Caldwell County Schools,140,0.355,
Sawmills Elementary,Caldwell County Schools,140,0.489,X
Valmead Basic,Caldwell County Schools,140,0.7,X
West Caldwell High,Caldwell County Schools,140,0.399,
West Lenoir Elementary,Caldwell County Schools,140,0.798,X
Whitnel Elementary,Caldwell County Schools,140,0.569,X
William Lenoir Middle,Caldwell County Schools,140,0.398,
Atlantic Elementary,Carteret County Public Schools,160,0.337,
Beaufort Elementary,Carteret County Public Schools,160,0.462,X
Beaufort Middle,Carteret County Public Schools,160,0.342,
Bogue Sound Elementary,Carteret County Public Schools,160,0.337,
Bridges Learning Center,Carteret County Public Schools,160,0.568,X
Harkers Island Elementary,Carteret County Public Schools,160,0.375,
Morehead City Primary,Carteret County Public Schools,160,0.387,
Morehead Elem at Camp Glenn,Carteret County Public Schools,160,0.321,
Newport Elementary,Carteret County Public Schools,160,0.397,
Newport Middle,Carteret County Public Schools,160,0.329,
Smyrna Elementary,Carteret County Public Schools,160,0.345,
Bartlett Yancey High,Caswell County Schools,170,0.379,
N L Dillard Middle,Caswell County Schools,170,0.472,X
North Elementary,Caswell County Schools,170,0.557,X
Oakwood Elementary,Caswell County Schools,170,0.628,X
South Elementary,Caswell County Schools,170,0.469,X
Stoney Creek Elementary,Caswell County Schools,170,0.626,X
Balls Creek Elementary,Catawba County Schools,180,0.343,
Banoak Elementary,Catawba County Schools,180,0.433,X
Blackburn Elementary,Catawba County Schools,180,0.326,
Bunker Hill High,Catawba County Schools,180,0.35,
Catawba Elementary,Catawba County Schools,180,0.447,X
Catawba Rosenwald Education Center,Catawba County Schools,180,0.431,X
Claremont Elementary,Catawba County Schools,180,0.461,X
Harry M Arndt Middle,Catawba County Schools,180,0.347,
Lyle Creek Elementary,Catawba County Schools,180,0.413,X
Maiden Elementary,Catawba County Schools,180,0.433,X
Oxford Elementary,Catawba County Schools,180,0.461,X
River Bend Middle,Catawba County Schools,180,0.369,
Saint Stephens Elementary,Catawba County Schools,180,0.588,X
Snow Creek Elementary,Catawba County Schools,180,0.3,
Startown Elementary,Catawba County Schools,180,0.323,
Webb A Murray Elementary,Catawba County Schools,180,0.462,X
Grandview Middle,Hickory City Schools,181,0.501,X
Hickory Career and Arts Magnet,Hickory City Schools,181,0.516,X
Hickory High,Hickory City Schools,181,0.337,
Longview Elementary,Hickory City Schools,181,0.736,X
Northview Middle,Hickory City Schools,181,0.361,
Oakwood Elementary,Hickory City Schools,181,0.361,
Southwest Elementary,Hickory City Schools,181,0.577,X
Viewmont Elementary,Hickory City Schools,181,0.532,X
W M Jenkins Elementary,Hickory City Schools,181,0.328,
Conover Special Education,Newton Conover City Schools,182,0.455,X
Newton-Conover High,Newton Conover City Schools,182,0.354,
Newton-Conover Middle,Newton Conover City Schools,182,0.422,X
North Newton E. S.,Newton Conover City Schools,182,0.58,X
Shuford Elementary,Newton Conover City Schools,182,0.38,
South Newton Elementary,Newton Conover City Schools,182,0.613,X
Bonlee Elementary,Chatham County Schools,190,0.315,
Chatham Middle,Chatham County Schools,190,0.391,
SAGE Academy,Chatham County Schools,190,0.46,X
Siler City Elementary,Chatham County Schools,190,0.306,
Virginia Cross Elementary School,Chatham County Schools,190,0.378,
Andrews Elementary School,Cherokee County Schools,200,0.575,X
Andrews High,Cherokee County Schools,200,0.437,X
Andrews Middle,Cherokee County Schools,200,0.468,X
Hiwassee Dam Elementary/Middle,Cherokee County Schools,200,0.398,
Marble Elementary,Cherokee County Schools,200,0.56,X
Martins Creek Elementary/Mid,Cherokee County Schools,200,0.56,X
Mountain Youth School,Cherokee County Schools,200,0.875,X
Murphy Elementary School,Cherokee County Schools,200,0.546,X
Murphy High,Cherokee County Schools,200,0.314,
Murphy Middle,Cherokee County Schools,200,0.411,X
Peachtree Elementary School,Cherokee County Schools,200,0.552,X
Ranger Elementary/Middle,Cherokee County Schools,200,0.468,X
Tri-County Early College High School,Cherokee County Schools,200,0.318,
Chowan Middle,Edenton/Chowan Schools,210,0.391,
D F Walker Elementary,Edenton/Chowan Schools,210,0.456,X
John A Holmes High,Edenton/Chowan Schools,210,0.367,
White Oak Elementary,Edenton/Chowan Schools,210,0.479,X
Hayesville Elementary,Clay County Schools,220,0.448,X
Hayesville High,Clay County Schools,220,0.317,
Hayesville Middle,Clay County Schools,220,0.418,X
Bethware Elementary,Cleveland County Schools,230,0.554,X
Boiling Springs Elementary,Cleveland County Schools,230,0.449,X
Burns High,Cleveland County Schools,230,0.378,
Burns Middle,Cleveland County Schools,230,0.477,X
Casar Elem School,Cleveland County Schools,230,0.531,X
Cleveland Early College High School,Cleveland County Schools,230,0.351,
Crest High School,Cleveland County Schools,230,0.364,
Crest Mid Sch of Technology,Cleveland County Schools,230,0.468,X
East Elementary,Cleveland County Schools,230,0.641,X
Fallston Elementary,Cleveland County Schools,230,0.564,X
Graham Elementary,Cleveland County Schools,230,0.883,X
Grover Elementary,Cleveland County Schools,230,0.632,X
James Love Elementary,Cleveland County Schools,230,0.816,X
Jefferson Elementary,Cleveland County Schools,230,0.551,X
Kings Mountain High,Cleveland County Schools,230,0.36,
Kings Mountain Intermediate,Cleveland County Schools,230,0.501,X
Kings Mountain Middle,Cleveland County Schools,230,0.436,X
Marion Elementary School,Cleveland County Schools,230,0.565,X
North Elementary,Cleveland County Schools,230,0.629,X
North Shelby,Cleveland County Schools,230,0.614,X
Shelby High,Cleveland County Schools,230,0.493,X
Shelby Intermediate School,Cleveland County Schools,230,0.626,X
Shelby Middle,Cleveland County Schools,230,0.553,X
Springmore Elementary,Cleveland County Schools,230,0.433,X
Township Three Elementary,Cleveland County Schools,230,0.665,X
Turning Point Academy,Cleveland County Schools,230,0.709,X
Union Elementary,Cleveland County Schools,230,0.565,X
Washington Math and Science,Cleveland County Schools,230,0.675,X
West Elementary,Cleveland County Schools,230,0.398,
Acme Delco Elementary,Columbus County Schools,240,0.626,X
Acme Delco Middle,Columbus County Schools,240,0.522,X
Cerro Gordo Elementary,Columbus County Schools,240,0.54,X
Chadbourn Elementary,Columbus County Schools,240,0.916,X
Chadbourn Middle,Columbus County Schools,240,0.797,X
Columbus Career and College Academy,Columbus County Schools,240,0.359,
East Columbus High,Columbus County Schools,240,0.433,X
Evergreen Elementary,Columbus County Schools,240,0.629,X
Guideway Elementary,Columbus County Schools,240,0.634,X
Hallsboro Middle,Columbus County Schools,240,0.567,X
Hallsboro-Artesia Elem,Columbus County Schools,240,0.676,X
Nakina Middle School,Columbus County Schools,240,0.454,X
Old Dock Elementary,Columbus County Schools,240,0.495,X
South Columbus High,Columbus County Schools,240,0.42,X
Tabor City Elementary,Columbus County Schools,240,0.732,X
Tabor City Middle,Columbus County Schools,240,0.623,X
West Columbus High,Columbus County Schools,240,0.565,X
Williams Township Elementary,Columbus County Schools,240,0.477,X
Central Middle,Whiteville City Schools,241,0.49,X
Edgewood Elementary,Whiteville City Schools,241,0.552,X
Whiteville High,Whiteville City Schools,241,0.346,
Whiteville Primary,Whiteville City Schools,241,0.71,X
Albert H Bangert Elementary,Craven County Schools,250,0.524,X
Ben D Quinn Elementary,Craven County Schools,250,0.428,X
Bridgeton Elementary,Craven County Schools,250,0.466,X
Graham A Barden Elementary,Craven County Schools,250,0.318,
Grover C Fields Middle,Craven County Schools,250,0.459,X
H J MacDonald Middle,Craven County Schools,250,0.335,
Havelock Elementary,Craven County Schools,250,0.433,X
Havelock Middle,Craven County Schools,250,0.403,X
J T Barber Elementary,Craven County Schools,250,0.646,X
James W Smith Elementary,Craven County Schools,250,0.617,X
Oaks Road Elementary,Craven County Schools,250,0.688,X
Roger R Bell Elementary,Craven County Schools,250,0.461,X
Trent Park Elementary,Craven County Schools,250,0.56,X
Vanceboro-Farm Life Elem,Craven County Schools,250,0.481,X
West Craven High,Craven County Schools,250,0.316,
West Craven Middle,Craven County Schools,250,0.464,X
Alderman Road Elementary,Cumberland County Schools,260,0.542,X
Alger B. Wilkins High School,Cumberland County Schools,260,0.698,X
Alma O Easom Elementary,Cumberland County Schools,260,0.401,X
Anne Chesnutt Middle,Cumberland County Schools,260,0.446,X
Armstrong Elementary,Cumberland County Schools,260,0.515,X
Ashley Elementary,Cumberland County Schools,260,0.5,X
Beaver Dam Elementary,Cumberland County Schools,260,0.471,X
Benjamin J Martin Elem,Cumberland County Schools,260,0.667,X
Bill Hefner Elementary,Cumberland County Schools,260,0.518,X
Brentwood Elementary,Cumberland County Schools,260,0.74,X
C Wayne Collier Elementary,Cumberland County Schools,260,0.481,X
Cliffdale Elementary,Cumberland County Schools,260,0.7,X
College Lakes Elementary,Cumberland County Schools,260,0.553,X
Cross Creek Early College,Cumberland County Schools,260,0.3,
Cumberland International Early College High School,Cumberland County Schools,260,0.336,
Cumberland Mills Elem,Cumberland County Schools,260,0.567,X
Cumberland Road Elementary,Cumberland County Schools,260,0.71,X
District No 7 Elementary,Cumberland County Schools,260,0.36,
Douglas Byrd High,Cumberland County Schools,260,0.541,X
Douglas Byrd Middle,Cumberland County Schools,260,0.695,X
E E Miller Elementary,Cumberland County Schools,260,0.466,X
E E Smith High,Cumberland County Schools,260,0.458,X
E Melvin Honeycutt Elem,Cumberland County Schools,260,0.302,
Ed V Baldwin Elementary,Cumberland County Schools,260,0.442,X
Elizabeth M Cashwell Elem,Cumberland County Schools,260,0.666,X
Ferguson-Easley Elementary,Cumberland County Schools,260,0.848,X
Gallberry Farm Elementary,Cumberland County Schools,260,0.408,X
Glendale Acres Elementary,Cumberland County Schools,260,0.567,X
Gray's Creek Middle,Cumberland County Schools,260,0.347,
Hope Mills Middle,Cumberland County Schools,260,0.381,
Ireland Drive Middle,Cumberland County Schools,260,0.709,X
J W Coon Elementary,Cumberland County Schools,260,0.682,X
J W Seabrook Elementary,Cumberland County Schools,260,0.582,X
Lake Rim Elementary,Cumberland County Schools,260,0.424,X
Lewis Chapel Middle,Cumberland County Schools,260,0.627,X
Lillian Black Elementary,Cumberland County Schools,260,0.817,X
Loyd E Auman Elementary,Cumberland County Schools,260,0.504,X
Lucile Souders Elementary,Cumberland County Schools,260,0.68,X
"Luther ""Nick"" Jeralds Middle",Cumberland County Schools,260,0.77,X
Mac Williams Middle,Cumberland County Schools,260,0.363,
Manchester Elementary,Cumberland County Schools,260,0.784,X
Margaret Willis Elementary,Cumberland County Schools,260,0.773,X
Mary McArthur Elementary,Cumberland County Schools,260,0.699,X
Montclair Elementary,Cumberland County Schools,260,0.605,X
Morganton Road Elementary,Cumberland County Schools,260,0.564,X
New Century International Elementary,Cumberland County Schools,260,0.343,
Pauline Jones Middle Alternative,Cumberland County Schools,260,0.859,X
Pine Forest High,Cumberland County Schools,260,0.341,
Ponderosa Elementary,Cumberland County Schools,260,0.616,X
R Max Abbott Middle,Cumberland County Schools,260,0.448,X
Raleigh Road Elementary,Cumberland County Schools,260,0.314,
Ramsey Street High Alternative,Cumberland County Schools,260,0.853,X
Rockfish Elementary,Cumberland County Schools,260,0.405,X
Seventy-First High,Cumberland County Schools,260,0.387,
Sherwood Park Elementary,Cumberland County Schools,260,0.643,X
South View High,Cumberland County Schools,260,0.344,
South View Middle,Cumberland County Schools,260,0.484,X
Spring Lake Middle,Cumberland County Schools,260,0.693,X
Stedman Elementary,Cumberland County Schools,260,0.416,X
Stedman Primary,Cumberland County Schools,260,0.515,X
Sunnyside Elementary,Cumberland County Schools,260,0.674,X
Teresa C Berrien Elementary,Cumberland County Schools,260,0.993,X
Terry Sanford High,Cumberland County Schools,260,0.355,
Vanstory Hills Elementary,Cumberland County Schools,260,0.33,
Walker-Spivey Elementary,Cumberland County Schools,260,0.977,X
Warrenwood Elementary,Cumberland County Schools,260,0.635,X
Westarea Elementary,Cumberland County Schools,260,0.806,X
Westover High,Cumberland County Schools,260,0.473,X
Westover Middle,Cumberland County Schools,260,0.595,X
William H Owen Elementary,Cumberland County Schools,260,0.715,X
William T Brown Elementary,Cumberland County Schools,260,0.647,X
Central Elementary,Currituck County Schools,270,0.301,
Jarvisburg Elementary School,Currituck County Schools,270,0.378,
W T Griggs Elementary,Currituck County Schools,270,0.391,
Cape Hatteras Elementary,Dare County Schools,280,0.393,
Cape Hatteras Secondary,Dare County Schools,280,0.379,
Dare Co Alternative High,Dare County Schools,280,0.364,
Manteo Elementary,Dare County Schools,280,0.356,
Brier Creek Elementary,Davidson County Schools,290,0.384,
Central Davidson High,Davidson County Schools,290,0.301,
Central Davidson Middle,Davidson County Schools,290,0.371,
Churchland Elementary,Davidson County Schools,290,0.506,X
Davidson County Extended Day,Davidson County Schools,290,0.489,X
Denton Elementary,Davidson County Schools,290,0.438,X
D-T Elementary,Davidson County Schools,290,0.362,
E Lawson Brown Middle,Davidson County Schools,290,0.319,
Fair Grove Elementary,Davidson County Schools,290,0.376,
Hasty Elementary,Davidson County Schools,290,0.352,
Pilot Elementary,Davidson County Schools,290,0.436,X
Reeds Elementary,Davidson County Schools,290,0.395,
Silver Valley Elementary,Davidson County Schools,290,0.549,X
South Davidson Middle,Davidson County Schools,290,0.412,X
Southmont Elementary,Davidson County Schools,290,0.48,X
Southwood Elementary,Davidson County Schools,290,0.509,X
Stoner Thomas,Davidson County Schools,290,0.419,X
Tyro Elementary,Davidson County Schools,290,0.47,X
Tyro Middle,Davidson County Schools,290,0.347,
Welcome Elementary,Davidson County Schools,290,0.374,
Charles England Intermediate,Lexington City Schools,291,0.622,X
Lexington Middle,Lexington City Schools,291,0.558,X
Lexington Senior High,Lexington City Schools,291,0.495,X
Pickett Primary,Lexington City Schools,291,0.63,X
South Lexington Devolpment Center,Lexington City Schools,291,0.333,
South Lexington Elementary,Lexington City Schools,291,0.616,X
Southwest Elementary,Lexington City Schools,291,0.604,X
Liberty Drive Elementary,Thomasville City Schools,292,0.671,X
Thomasville High,Thomasville City Schools,292,0.469,X
Thomasville Middle,Thomasville City Schools,292,0.543,X
Thomasville Primary,Thomasville City Schools,292,0.697,X
Eastern NC School for the Deaf,Residential Schools,298,0.444,X
Governor Morehead School for the Blind,Residential Schools,298,0.326,
Cooleemee Elementary,Davie County Schools,300,0.545,X
Cornatzer Elementary,Davie County Schools,300,0.384,
Mocksville Elementary,Davie County Schools,300,0.387,
South Davie Middle,Davie County Schools,300,0.383,
William R Davie Elementary,Davie County Schools,300,0.395,
B F Grady Elementary,Duplin County Schools,310,0.46,X
Beulaville Elementary,Duplin County Schools,310,0.457,X
Charity Middle,Duplin County Schools,310,0.469,X
Chinquapin Elementary,Duplin County Schools,310,0.373,
Duplin Early College High School,Duplin County Schools,310,0.364,
E E Smith Middle,Duplin County Schools,310,0.51,X
East Duplin High,Duplin County Schools,310,0.335,
James Kenan High,Duplin County Schools,310,0.416,X
Kenansville Elementary,Duplin County Schools,310,0.451,X
North Duplin Elementary,Duplin County Schools,310,0.466,X
North Duplin Jr Sr High,Duplin County Schools,310,0.309,
Rose Hill-Magnolia Elem,Duplin County Schools,310,0.624,X
Wallace Elementary,Duplin County Schools,310,0.581,X
Wallace-Rose Hill High,Duplin County Schools,310,0.36,
Warsaw Elementary,Duplin County Schools,310,0.661,X
Warsaw Middle,Duplin County Schools,310,0.617,X
Bethesda Elementary,Durham Public Schools,320,0.519,X
Brogden Middle,Durham Public Schools,320,0.449,X
Burton Elementary,Durham Public Schools,320,0.628,X
C C Spaulding Elementary,Durham Public Schools,320,0.75,X
Club Boulevard Elementary,Durham Public Schools,320,0.313,
E K Powe Elementary,Durham Public Schools,320,0.425,X
Eastway Elementary,Durham Public Schools,320,0.715,X
Eno Valley Elementary,Durham Public Schools,320,0.546,X
Fayetteville Street Elementary,Durham Public Schools,320,0.674,X
Forest View Elementary,Durham Public Schools,320,0.353,
George L Carrington Middle,Durham Public Schools,320,0.392,
Glenn Elementary,Durham Public Schools,320,0.565,X
Hillandale Elementary,Durham Public Schools,320,0.4,X
Hillside High,Durham Public Schools,320,0.408,X
Holt Elementary,Durham Public Schools,320,0.487,X
Hope Valley Elementary,Durham Public Schools,320,0.384,
James E Shepard Middle,Durham Public Schools,320,0.412,X
Lakeview School,Durham Public Schools,320,0.7,X
Lakewood Elementary,Durham Public Schools,320,0.64,X
Little River Elementary,Durham Public Schools,320,0.308,
Lowe's Grove Middle,Durham Public Schools,320,0.5,X
Lucas Middle School,Durham Public Schools,320,0.336,
Merrick-Moore Elementary,Durham Public Schools,320,0.579,X
Neal Middle,Durham Public Schools,320,0.513,X
Northern High,Durham Public Schools,320,0.358,
Oak Grove Elementary,Durham Public Schools,320,0.46,X
Parkwood Elementary,Durham Public Schools,320,0.431,X
Performance Learning Center,Durham Public Schools,320,0.36,
R N Harris Elementary,Durham Public Schools,320,0.568,X
Sandy Ridge Elementary,Durham Public Schools,320,0.359,
Sherwood Githens Middle,Durham Public Schools,320,0.445,X
Southern High,Durham Public Schools,320,0.403,X
Southwest Elementary,Durham Public Schools,320,0.384,
Spring Valley Elementary School,Durham Public Schools,320,0.373,
W G Pearson Elementary,Durham Public Schools,320,0.622,X
Y E Smith Elementary,Durham Public Schools,320,0.704,X
Coker-Wimberly Elementary,Edgecombe County Schools,330,0.614,X
G W Bulluck Elementary,Edgecombe County Schools,330,0.585,X
G W Carver Elementary,Edgecombe County Schools,330,0.511,X
North Edgecombe High,Edgecombe County Schools,330,0.524,X
Phillips Middle,Edgecombe County Schools,330,0.596,X
Princeville Elementary School,Edgecombe County Schools,330,0.754,X
South Edgecombe Middle,Edgecombe County Schools,330,0.444,X
SouthWest Edgecombe High,Edgecombe County Schools,330,0.375,
Stocks Elementary,Edgecombe County Schools,330,0.701,X
Tarboro High,Edgecombe County Schools,330,0.424,X
West Edgecombe Middle,Edgecombe County Schools,330,0.488,X
Ashley Elementary,Forsyth County Schools,340,0.827,X
Bolton Elementary,Forsyth County Schools,340,0.581,X
Brunson Elementary,Forsyth County Schools,340,0.409,X
Carver High,Forsyth County Schools,340,0.694,X
Cook Elementary,Forsyth County Schools,340,0.838,X
Diggs/Latham Elementary School,Forsyth County Schools,340,0.703,X
East Forsyth Middle,Forsyth County Schools,340,0.521,X
Easton Elementary,Forsyth County Schools,340,0.798,X
Flat Rock Middle,Forsyth County Schools,340,0.535,X
Forest Park Elementary,Forsyth County Schools,340,0.753,X
Gibson Elementary,Forsyth County Schools,340,0.654,X
Griffith Elementary,Forsyth County Schools,340,0.564,X
Hall-Woodward Elementary,Forsyth County Schools,340,0.695,X
Hanes Middle,Forsyth County Schools,340,0.323,
Ibraham Elementary,Forsyth County Schools,340,0.684,X
Kennedy Learning,Forsyth County Schools,340,0.617,X
Kernersville Elementary,Forsyth County Schools,340,0.509,X
Kimberley Park Elementary,Forsyth County Schools,340,0.883,X
Kimel Farm Elementary,Forsyth County Schools,340,0.344,
Kingswood School,Forsyth County Schools,340,0.554,X
Konnoak Elementary,Forsyth County Schools,340,0.665,X
Lowrance Middle,Forsyth County Schools,340,0.38,
Main Street Academy,Forsyth County Schools,340,0.713,X
Middle Fork Elementary,Forsyth County Schools,340,0.61,X
Mineral Springs Elementary,Forsyth County Schools,340,0.722,X
Mineral Springs Middle,Forsyth County Schools,340,0.67,X
Moore Elementary,Forsyth County Schools,340,0.398,
North Forsyth High,Forsyth County Schools,340,0.427,X
North Hills Elementary,Forsyth County Schools,340,0.791,X
Northwest Middle,Forsyth County Schools,340,0.447,X
Old Richmond Elementary,Forsyth County Schools,340,0.323,
Old Town Elementary,Forsyth County Schools,340,0.634,X
Paisley Middle,Forsyth County Schools,340,0.434,X
Parkland High,Forsyth County Schools,340,0.479,X
Petree Elementary,Forsyth County Schools,340,0.831,X
Philo-Hill Magnet Academy,Forsyth County Schools,340,0.766,X
R B Glenn High,Forsyth County Schools,340,0.304,
Reynolds High,Forsyth County Schools,340,0.304,
Rural Hall Elementary,Forsyth County Schools,340,0.362,
Smith Farm Elementary,Forsyth County Schools,340,0.423,X
South Fork Elementary,Forsyth County Schools,340,0.632,X
Speas Elementary,Forsyth County Schools,340,0.605,X
The Childrens Special School,Forsyth County Schools,340,0.365,
Union Cross Elementary,Forsyth County Schools,340,0.331,
Walkertown Elementary,Forsyth County Schools,340,0.45,X
Walkertown Middle,Forsyth County Schools,340,0.406,X
Ward Elementary,Forsyth County Schools,340,0.404,X
Wiley Middle,Forsyth County Schools,340,0.467,X
Winston-Salem Preparatory Acad,Forsyth County Schools,340,0.682,X
Bunn Elementary,Franklin County Schools,350,0.424,X
Bunn High,Franklin County Schools,350,0.365,
Bunn Middle,Franklin County Schools,350,0.368,
Edward Best Elementary,Franklin County Schools,350,0.488,X
Franklin County Early College High School,Franklin County Schools,350,0.317,
Franklinton Elementary,Franklin County Schools,350,0.63,X
Franklinton Middle School,Franklin County Schools,350,0.498,X
Laurel Mill Elementary,Franklin County Schools,350,0.661,X
Long Mill Elementary,Franklin County Schools,350,0.384,
Louisburg Elementary,Franklin County Schools,350,0.597,X
Louisburg High,Franklin County Schools,350,0.386,
Royal Elementary,Franklin County Schools,350,0.482,X
Terrell Lane Middle,Franklin County Schools,350,0.507,X
Ashbrook High,Gaston County Schools,360,0.405,X
Bessemer City Central Elem,Gaston County Schools,360,0.578,X
Bessemer City High,Gaston County Schools,360,0.468,X
Bessemer City Middle,Gaston County Schools,360,0.548,X
Bessemer City Primary,Gaston County Schools,360,0.605,X
Brookside Elementary,Gaston County Schools,360,0.548,X
Carr Elementary,Gaston County Schools,360,0.555,X
Catawba Heights Elementary,Gaston County Schools,360,0.429,X
Chapel Grove Elementary,Gaston County Schools,360,0.582,X
Cherryville Elementary,Gaston County Schools,360,0.471,X
Cherryville Senior High,Gaston County Schools,360,0.356,
Costner Elementary,Gaston County Schools,360,0.401,X
"Edward D Sadler, Jr Elementary",Gaston County Schools,360,0.731,X
Forest Heights Elementary,Gaston County Schools,360,0.659,X
Gardner Park Elementary,Gaston County Schools,360,0.523,X
Hershal H Beam Elementary,Gaston County Schools,360,0.694,X
Holbrook Middle,Gaston County Schools,360,0.431,X
Hunter Huss High,Gaston County Schools,360,0.545,X
Ida Rankin Elementary,Gaston County Schools,360,0.429,X
John Chavis Middle,Gaston County Schools,360,0.384,
Kiser Elementary,Gaston County Schools,360,0.424,X
Lingerfeldt Elementary,Gaston County Schools,360,0.782,X
Lowell Elementary,Gaston County Schools,360,0.412,X
McAdenville Elementary,Gaston County Schools,360,0.416,X
Mount Holly Middle,Gaston County Schools,360,0.357,
North Belmont Elementary,Gaston County Schools,360,0.516,X
North Gaston High,Gaston County Schools,360,0.381,
Pinewood Elementary,Gaston County Schools,360,0.374,
Pleasant Ridge Elementary,Gaston County Schools,360,0.694,X
Rhyne Elementary,Gaston County Schools,360,0.876,X
Robinson Elementary,Gaston County Schools,360,0.395,
Sherwood Elementary,Gaston County Schools,360,0.525,X
Southwest Middle,Gaston County Schools,360,0.564,X
Springfield Primary,Gaston County Schools,360,0.488,X
Stanley Middle,Gaston County Schools,360,0.393,
Tryon Elementary,Gaston County Schools,360,0.611,X
W P Grier Middle,Gaston County Schools,360,0.584,X
Warlick School,Gaston County Schools,360,0.626,X
Webb St Special Education,Gaston County Schools,360,0.36,
William B Beam Intermediate,Gaston County Schools,360,0.462,X
William C Friday Middle,Gaston County Schools,360,0.401,X
Woodhill Elementary,Gaston County Schools,360,0.702,X
York Chester Middle,Gaston County Schools,360,0.732,X
Buckland Elementary,Gates County Schools,370,0.357,
Central Middle,Gates County Schools,370,0.325,
Gatesville Elementary,Gates County Schools,370,0.449,X
T S Cooper Elementary,Gates County Schools,370,0.43,X
Robbinsville Elementary,Graham County Schools,380,0.472,X
Robbinsville High,Graham County Schools,380,0.404,X
Robbinsville Middle,Graham County Schools,380,0.409,X
Butner-Stem Elementary,Granville County Schools,390,0.479,X
Butner-Stem Middle,Granville County Schools,390,0.366,
C G Credle Elementary,Granville County Schools,390,0.589,X
Creedmoor Elementary,Granville County Schools,390,0.454,X
Granville Central High School,Granville County Schools,390,0.331,
Granville Magnet School,Granville County Schools,390,0.432,X
J F Webb High,Granville County Schools,390,0.425,X
Joe Toler-Oak Hill Elem,Granville County Schools,390,0.472,X
Mary Potter Middle,Granville County Schools,390,0.406,X
Mount Energy Elementary,Granville County Schools,390,0.32,
Northern Granville Middle,Granville County Schools,390,0.395,
Stovall-Shaw Elementary,Granville County Schools,390,0.448,X
West Oxford Elementary,Granville County Schools,390,0.545,X
Greene Central High,Greene County Schools,400,0.498,X
Greene County Intermediate Schools,Greene County Schools,400,0.591,X
Greene County Middle,Greene County Schools,400,0.577,X
Greene Early College High,Greene County Schools,400,0.397,
Snow Hill Primary,Greene County Schools,400,0.479,X
West Greene Elementary,Greene County Schools,400,0.678,X
Allen Jay Elementary,Guilford County Schools,410,0.641,X
Allen Jay Middle - A Preparatory Academy,Guilford County Schools,410,0.444,X
Allen Middle,Guilford County Schools,410,0.582,X
Archer Elementary,Guilford County Schools,410,0.572,X
Aycock Middle,Guilford County Schools,410,0.543,X
Ben L Smith High,Guilford County Schools,410,0.587,X
Bessemer Elementary,Guilford County Schools,410,0.801,X
Bluford Elementary,Guilford County Schools,410,0.73,X
Brightwood Elementary,Guilford County Schools,410,0.648,X
Ceasar Cone Elementary,Guilford County Schools,410,0.843,X
Clara J Peck Elementary,Guilford County Schools,410,0.734,X
Cyrus P Frazier Elementary,Guilford County Schools,410,0.589,X
David D Jones Elementary,Guilford County Schools,410,0.465,X
Dudley High,Guilford County Schools,410,0.643,X
Eastern Guilford High,Guilford County Schools,410,0.422,X
Eastern Middle,Guilford County Schools,410,0.455,X
Edwin A Alderman Elementary,Guilford County Schools,410,0.537,X
Erwin Montessori,Guilford County Schools,410,0.412,X
Fairview Elementary,Guilford County Schools,410,0.828,X
Ferndale Middle,Guilford County Schools,410,0.613,X
Gateway Education Center,Guilford County Schools,410,0.438,X
"George C. Simkins, Jr Elementary",Guilford County Schools,410,0.424,X
Gibsonville Elementary,Guilford County Schools,410,0.33,
Gillespie Park Elementary,Guilford County Schools,410,0.851,X
Greene Education Center @ Ragsdale,Guilford County Schools,410,0.527,X
GTCC East Middle College High,Guilford County Schools,410,0.339,
Guilford Elementary,Guilford County Schools,410,0.519,X
Guilford Middle,Guilford County Schools,410,0.441,X
Herbin-Metz Education Center,Guilford County Schools,410,0.437,X
High Point Central High,Guilford County Schools,410,0.455,X
High Point GTCC Middle College,Guilford County Schools,410,0.444,X
High School Ahead Academy,Guilford County Schools,410,0.518,X
Hunter Elementary,Guilford County Schools,410,0.684,X
Irving Park Elementary,Guilford County Schools,410,0.503,X
Jackson Middle,Guilford County Schools,410,0.715,X
James Y Joyner Elementary,Guilford County Schools,410,0.492,X
Jamestown Elementary,Guilford County Schools,410,0.561,X
Jamestown Middle,Guilford County Schools,410,0.369,
Jefferson Elementary,Guilford County Schools,410,0.45,X
John Van Lindley Elementary,Guilford County Schools,410,0.426,X
Johnson Street Elementary,Guilford County Schools,410,0.567,X
Julius I Foust Elementary,Guilford County Schools,410,0.734,X
Kirkman Park Elementary,Guilford County Schools,410,0.806,X
Kiser Middle,Guilford County Schools,410,0.465,X
Laurin Welborn Middle,Guilford County Schools,410,0.644,X
Madison Elementary,Guilford County Schools,410,0.447,X
McLeansville Elementary,Guilford County Schools,410,0.448,X
Mendenhall Middle,Guilford County Schools,410,0.376,
Meredith Haynes-Inman School,Guilford County Schools,410,0.415,X
Middle College High at Bennett,Guilford County Schools,410,0.388,
Middle College High at NC A&T,Guilford County Schools,410,0.337,
Monticello-Brown Summit Elem,Guilford County Schools,410,0.473,X
Montlieu Avenue Elementary,Guilford County Schools,410,0.711,X
Morehead Elementary,Guilford County Schools,410,0.444,X
Murphy Traditional Academy,Guilford County Schools,410,0.657,X
Nathanael Greene Elementary,Guilford County Schools,410,0.31,
Newcomers School,Guilford County Schools,410,0.57,X
Northeast Guilford High,Guilford County Schools,410,0.422,X
Northeast Guilford Middle,Guilford County Schools,410,0.505,X
Northwood Elementary,Guilford County Schools,410,0.658,X
Oak Hill Elementary,Guilford County Schools,410,0.72,X
Oak View Elementary,Guilford County Schools,410,0.57,X
Otis L Hairston Sr Middle,Guilford County Schools,410,0.758,X
Page High,Guilford County Schools,410,0.334,
Parkview Village Elementary,Guilford County Schools,410,0.823,X
Peeler Open Elementary,Guilford County Schools,410,0.527,X
Penn-Griffin Middle,Guilford County Schools,410,0.412,X
Pilot Elementary,Guilford County Schools,410,0.399,
Pleasant Garden Elementary,Guilford County Schools,410,0.331,
Rankin Elementary,Guilford County Schools,410,0.746,X
Reedy Fork Elementary,Guilford County Schools,410,0.485,X
Ronald E McNair Elementary,Guilford County Schools,410,0.598,X
Scale in High Point,Guilford County Schools,410,0.763,X
Scale School,Guilford County Schools,410,0.831,X
Sedalia Elementary,Guilford County Schools,410,0.38,
Sedgefield Elementary,Guilford County Schools,410,0.654,X
Shadybrook Elementary,Guilford County Schools,410,0.309,
Smith Academy,Guilford County Schools,410,0.335,
Southern Elementary,Guilford County Schools,410,0.393,
Southern Guilford High,Guilford County Schools,410,0.386,
Southern Middle,Guilford County Schools,410,0.488,X
Sumner Elementary,Guilford County Schools,410,0.623,X
T Wingate Andrews High,Guilford County Schools,410,0.585,X
The Academy at High Point Central,Guilford County Schools,410,0.414,X
Triangle Lake Montessori Elem,Guilford County Schools,410,0.472,X
Union Hill Elementary,Guilford County Schools,410,0.694,X
Vandalia Elementary,Guilford County Schools,410,0.648,X
W M Hampton Elementary,Guilford County Schools,410,0.801,X
Waldo C Falkener Sr Elementary,Guilford County Schools,410,0.792,X
Washington Elementary,Guilford County Schools,410,0.707,X
Wiley Acel/Enrichment,Guilford County Schools,410,0.874,X
Aurelian Springs Elementary,Halifax County Schools,420,0.702,X
Dawson Elementary,Halifax County Schools,420,0.757,X
Enfield Middle,Halifax County Schools,420,0.695,X
Everetts Elementary,Halifax County Schools,420,0.74,X
Hollister Elementary,Halifax County Schools,420,0.662,X
Inborden Elementary,Halifax County Schools,420,0.814,X
Northwest High,Halifax County Schools,420,0.609,X
Pittman Elementary,Halifax County Schools,420,0.778,X
Scotland Neck Primary,Halifax County Schools,420,0.781,X
Southeast Halifax High,Halifax County Schools,420,0.644,X
William R Davie Middle,Halifax County Schools,420,0.667,X
Belmont Elementary,Roanoke Rapids City Schools,421,0.622,X
Chaloner Middle,Roanoke Rapids City Schools,421,0.441,X
Roanoke Rapids High,Roanoke Rapids City Schools,421,0.369,
William L Manning Elementary,Roanoke Rapids City Schools,421,0.424,X
Roanoke Valley Early College,Weldon City Schools,422,0.391,
Weldon Elementary,Weldon City Schools,422,0.788,X
Weldon High School,Weldon City Schools,422,0.632,X
Weldon Middle,Weldon City Schools,422,0.669,X
Anderson Creek Primary,Harnett County Schools,430,0.352,
Angier Elementary,Harnett County Schools,430,0.421,X
Benhaven Elementary,Harnett County Schools,430,0.405,X
Boone Trail Elementary,Harnett County Schools,430,0.34,
Buies Creek Elementary,Harnett County Schools,430,0.312,
Coats Elementary,Harnett County Schools,430,0.466,X
Coats-Erwin Middle,Harnett County Schools,430,0.415,X
Dunn Middle,Harnett County Schools,430,0.527,X
Erwin Elementary,Harnett County Schools,430,0.508,X
Gentry Primary,Harnett County Schools,430,0.556,X
Harnett Central Middle,Harnett County Schools,430,0.343,
Harnett Primary,Harnett County Schools,430,0.632,X
Johnsonville Elementary,Harnett County Schools,430,0.549,X
Lillington-Shawtown Elementary,Harnett County Schools,430,0.506,X
North Harnett Primary,Harnett County Schools,430,0.505,X
Overhills High School,Harnett County Schools,430,0.33,
South Harnett Elementary,Harnett County Schools,430,0.366,
STAR Academy,Harnett County Schools,430,0.629,X
Triton High,Harnett County Schools,430,0.368,
Wayne Avenue Elem,Harnett County Schools,430,0.619,X
Western Harnett Middle,Harnett County Schools,430,0.335,
Bethel Elementary,Haywood County Schools,440,0.443,X
Bethel Middle,Haywood County Schools,440,0.326,
Canton Middle,Haywood County Schools,440,0.377,
Central Elementary,Haywood County Schools,440,0.596,X
Central Haywood High,Haywood County Schools,440,0.563,X
Clyde Elementary,Haywood County Schools,440,0.522,X
Haywood Early College,Haywood County Schools,440,0.315,
Hazelwood Elementary,Haywood County Schools,440,0.465,X
Jonathan Valley Elementary,Haywood County Schools,440,0.37,
Junaluska Elementary,Haywood County Schools,440,0.35,
Meadowbrook Elementary,Haywood County Schools,440,0.468,X
North Canton Elementary,Haywood County Schools,440,0.524,X
Riverbend Elementary,Haywood County Schools,440,0.364,
Waynesville Middle,Haywood County Schools,440,0.344,
Apple Valley Middle,Henderson County Schools,450,0.367,
Atkinson Elementary,Henderson County Schools,450,0.322,
Balfour Education Center,Henderson County Schools,450,0.51,X
Bruce Drysdale Elementary,Henderson County Schools,450,0.561,X
Clear Creek Elementary,Henderson County Schools,450,0.427,X
Dana Elementary,Henderson County Schools,450,0.403,X
Edneyville Elementary,Henderson County Schools,450,0.494,X
Etowah Elementary,Henderson County Schools,450,0.36,
Flat Rock Middle,Henderson County Schools,450,0.377,
Hillandale Elementary,Henderson County Schools,450,0.45,X
Sugarloaf Elementary,Henderson County Schools,450,0.501,X
Upward Elementary,Henderson County Schools,450,0.475,X
Ahoskie Elementary,Hertford County Schools,460,0.625,X
Bearfield Primary,Hertford County Schools,460,0.722,X
CSB Student Development Center,Hertford County Schools,460,0.432,X
Hertford County Early College,Hertford County Schools,460,0.336,
Hertford County High,Hertford County Schools,460,0.566,X
Hertford County Middle,Hertford County Schools,460,0.597,X
Riverview Elementary,Hertford County Schools,460,0.72,X
Don Steed Elementary,Hoke County Schools,470,0.361,
East Hoke Middle,Hoke County Schools,470,0.384,
Hawk Eye Elementary,Hoke County Schools,470,0.673,X
Hoke County High,Hoke County Schools,470,0.403,X
J W McLauchlin Elementary,Hoke County Schools,470,0.636,X
J W Turlington,Hoke County Schools,470,0.589,X
SandHoke Early College,Hoke County Schools,470,0.334,
Sandy Grove Elementary,Hoke County Schools,470,0.474,X
Sandy Grove Middle School,Hoke County Schools,470,0.377,
Scurlock Elementary,Hoke County Schools,470,0.469,X
Upchurch Elementary,Hoke County Schools,470,0.547,X
West Hoke Elementary,Hoke County Schools,470,0.535,X
West Hoke Middle,Hoke County Schools,470,0.516,X
Mattamuskeet Early College High School,Hyde County Schools,480,0.58,X
Mattamuskeet Elementary,Hyde County Schools,480,0.611,X
Celeste Henkel Elementary,Iredell-Statesville Schools,490,0.384,
Cloverleaf,Iredell-Statesville Schools,490,0.413,X
Collaborative College of Techn,Iredell-Statesville Schools,490,0.305,
East Iredell Elementary,Iredell-Statesville Schools,490,0.394,
East Middle,Iredell-Statesville Schools,490,0.328,
Monticello School,Iredell-Statesville Schools,490,0.434,X
N B Mills Elementary,Iredell-Statesville Schools,490,0.567,X
Pressly School,Iredell-Statesville Schools,490,0.566,X
Scotts Elementary,Iredell-Statesville Schools,490,0.315,
Statesville Middle,Iredell-Statesville Schools,490,0.469,X
Third Creek Elementary,Iredell-Statesville Schools,490,0.449,X
West Iredell Middle,Iredell-Statesville Schools,490,0.332,
Park View Elementary,Mooresville Graded School District,491,0.34,
South Elementary,Mooresville Graded School District,491,0.364,
Blue Ridge Early College,Jackson County Schools,500,0.382,
Blue Ridge School,Jackson County Schools,500,0.571,X
Cullowhee Valley School,Jackson County Schools,500,0.43,X
Fairview Elementary,Jackson County Schools,500,0.406,X
Jackson Co Sch of Alt,Jackson County Schools,500,0.652,X
Scotts Creek Elementary,Jackson County Schools,500,0.481,X
Smokey Mountain Elementary,Jackson County Schools,500,0.572,X
Benson Elementary,Johnston County Schools,510,0.523,X
Benson Middle,Johnston County Schools,510,0.419,X
Cooper Elementary,Johnston County Schools,510,0.403,X
Corinth Holders,Johnston County Schools,510,0.393,
Four Oaks Elementary,Johnston County Schools,510,0.478,X
Four Oaks Middle,Johnston County Schools,510,0.395,
Glendale-Kenly Elementary,Johnston County Schools,510,0.407,X
McGee's Crossroads Elem,Johnston County Schools,510,0.323,
Meadow Elementary,Johnston County Schools,510,0.388,
Micro-Pine Level Elementary,Johnston County Schools,510,0.454,X
North Johnston Middle,Johnston County Schools,510,0.419,X
Princeton Elementary,Johnston County Schools,510,0.373,
Princeton High,Johnston County Schools,510,0.311,
Selma Elementary,Johnston County Schools,510,0.614,X
Selma Middle School,Johnston County Schools,510,0.622,X
Smithfield Middle,Johnston County Schools,510,0.508,X
Smithfield-Selma High,Johnston County Schools,510,0.31,
South Smithfield Elementary,Johnston County Schools,510,0.598,X
West Smithfield Elementary,Johnston County Schools,510,0.674,X
Wilson's Mills Elementary,Johnston County Schools,510,0.495,X
Comfort Elementary,Jones County Schools,520,0.602,X
Jones Middle,Jones County Schools,520,0.523,X
Jones Senior High,Jones County Schools,520,0.525,X
Maysville Elementary,Jones County Schools,520,0.534,X
Pollocksville Elementary,Jones County Schools,520,0.591,X
Trenton Elementary,Jones County Schools,520,0.583,X
Benjamin T Bullock Elem,Lee County Schools,530,0.539,X
Bragg Street Academy,Lee County Schools,530,0.612,X
Broadway Elementary,Lee County Schools,530,0.584,X
Deep River Elementary,Lee County Schools,530,0.611,X
East Lee Middle,Lee County Schools,530,0.469,X
Floyd L Knight Children Ctr,Lee County Schools,530,0.413,X
Greenwood Elementary,Lee County Schools,530,0.565,X
J Glenn Edwards Elementary,Lee County Schools,530,0.57,X
J R Ingram Jr Elementary,Lee County Schools,530,0.5,X
Lee County High,Lee County Schools,530,0.329,
SanLee Middle School,Lee County Schools,530,0.446,X
Southern Lee High School,Lee County Schools,530,0.322,
Warren Williams Elementary Alternative School,Lee County Schools,530,0.617,X
West Lee Middle,Lee County Schools,530,0.379,
Banks Elementary,Lenoir County Public Schools,540,0.452,X
Contentnea-Savannah K-8,Lenoir County Public Schools,540,0.563,X
E B Frink Middle,Lenoir County Public Schools,540,0.398,
Kinston High,Lenoir County Public Schools,540,0.599,X
LaGrange Elementary,Lenoir County Public Schools,540,0.597,X
Lenoir County Early College High School,Lenoir County Public Schools,540,0.343,
Lenoir County Learning Academy,Lenoir County Public Schools,540,0.516,X
Moss Hill Elementary,Lenoir County Public Schools,540,0.55,X
North Lenoir High,Lenoir County Public Schools,540,0.346,
Northeast Elementary School,Lenoir County Public Schools,540,0.852,X
Northwest Elementary,Lenoir County Public Schools,540,0.596,X
Pink Hill Elementary,Lenoir County Public Schools,540,0.539,X
Rochelle Middle,Lenoir County Public Schools,540,0.707,X
South Lenoir High,Lenoir County Public Schools,540,0.316,
Southeast Elementary,Lenoir County Public Schools,540,0.885,X
Southwood Elementary,Lenoir County Public Schools,540,0.493,X
Teachers Memorial Elem,Lenoir County Public Schools,540,0.669,X
Woodington Middle,Lenoir County Public Schools,540,0.416,X
Asbury School,Lincoln County Schools,550,0.612,X
Battleground Elementary,Lincoln County Schools,550,0.673,X
Childers Elementary,Lincoln County Schools,550,0.458,X
G E Massey Elementary,Lincoln County Schools,550,0.537,X
Iron Station Elementary,Lincoln County Schools,550,0.401,X
Kiser Intermediate,Lincoln County Schools,550,0.55,X
Lincolnton High,Lincoln County Schools,550,0.357,
Lincolnton Middle,Lincoln County Schools,550,0.474,X
Love Memorial Elementary,Lincoln County Schools,550,0.473,X
North Brook Elementary,Lincoln County Schools,550,0.449,X
S Ray Lowder Elementary,Lincoln County Schools,550,0.561,X
Union Elementary,Lincoln County Schools,550,0.355,
West Lincoln High,Lincoln County Schools,550,0.327,
West Lincoln Middle,Lincoln County Schools,550,0.393,
Cartoogechaye Elementary,Macon County Schools,560,0.417,X
Early College,Macon County Schools,560,0.341,
East Franklin Elementary,Macon County Schools,560,0.551,X
Franklin High,Macon County Schools,560,0.334,
Iotla Elementary,Macon County Schools,560,0.48,X
Macon Middle,Macon County Schools,560,0.391,
Mountain View Intermediate,Macon County Schools,560,0.444,X
Nantahala School,Macon County Schools,560,0.429,X
South Macon Elementary,Macon County Schools,560,0.491,X
Union Academy,Macon County Schools,560,0.724,X
Brush Creek Elementary,Madison County Schools,570,0.419,X
Hot Springs Elementary,Madison County Schools,570,0.554,X
Laurel Elementary,Madison County Schools,570,0.796,X
Madison High,Madison County Schools,570,0.324,
Madison Middle,Madison County Schools,570,0.399,
Mars Hill Elementary,Madison County Schools,570,0.413,X
E J Hayes Elementary,Martin County Schools,580,0.534,X
East End Elementary,Martin County Schools,580,0.603,X
Edna Andrews Elementary,Martin County Schools,580,0.587,X
Jamesville Elementary,Martin County Schools,580,0.421,X
Riverside High,Martin County Schools,580,0.318,
Riverside Middle,Martin County Schools,580,0.433,X
Rodgers Elementary,Martin County Schools,580,0.371,
South Creek High,Martin County Schools,580,0.36,
South Creek Middle,Martin County Schools,580,0.392,
Williamston Primary,Martin County Schools,580,0.593,X
East McDowell Junior High,McDowell County Schools,590,0.478,X
Eastfield  Global Magnet School,McDowell County Schools,590,0.661,X
Glenwood Elementary,McDowell County Schools,590,0.476,X
Marion Elementary,McDowell County Schools,590,0.522,X
McDowell AEC,McDowell County Schools,590,0.51,X
McDowell High,McDowell County Schools,590,0.363,
Nebo Elementary,McDowell County Schools,590,0.524,X
North Cove Elementary,McDowell County Schools,590,0.442,X
Old Fort Elementary,McDowell County Schools,590,0.511,X
Pleasant Gardens Elementary,McDowell County Schools,590,0.386,
West Marion Elementary,McDowell County Schools,590,0.614,X
West McDowell Junior High,McDowell County Schools,590,0.431,X
Albemarle Road Elementary,Charlotte-Mecklenburg Schools,600,0.671,X
Albemarle Road Middle,Charlotte-Mecklenburg Schools,600,0.587,X
Allenbrook Elementary,Charlotte-Mecklenburg Schools,600,0.754,X
Ashley Park Elementary,Charlotte-Mecklenburg Schools,600,0.828,X
Barringer Academic Center,Charlotte-Mecklenburg Schools,600,0.523,X
Berewick Elementary,Charlotte-Mecklenburg Schools,600,0.312,
Berryhill Elementary,Charlotte-Mecklenburg Schools,600,0.547,X
Billingsville Elem,Charlotte-Mecklenburg Schools,600,0.744,X
Briarwood Elementary,Charlotte-Mecklenburg Schools,600,0.699,X
Bruns Avenue Elementary,Charlotte-Mecklenburg Schools,600,0.839,X
Clear Creek Elementary,Charlotte-Mecklenburg Schools,600,0.334,
Cochrane Middle,Charlotte-Mecklenburg Schools,600,0.643,X
Coulwood Middle,Charlotte-Mecklenburg Schools,600,0.538,X
Crown Point Elementary,Charlotte-Mecklenburg Schools,600,0.343,
David Cox Road Elementary,Charlotte-Mecklenburg Schools,600,0.47,X
Devonshire Elementary,Charlotte-Mecklenburg Schools,600,0.747,X
Druid Hills Elementary,Charlotte-Mecklenburg Schools,600,0.851,X
East Mecklenburg High,Charlotte-Mecklenburg Schools,600,0.383,
Eastway Middle,Charlotte-Mecklenburg Schools,600,0.66,X
Elizabeth Trad/Classical,Charlotte-Mecklenburg Schools,600,0.333,
First Ward Elementary,Charlotte-Mecklenburg Schools,600,0.572,X
Garinger High,Charlotte-Mecklenburg Schools,600,0.579,X
Greenway Park Elementary,Charlotte-Mecklenburg Schools,600,0.548,X
Harding University High,Charlotte-Mecklenburg Schools,600,0.594,X
Hawthorne High/TAPS,Charlotte-Mecklenburg Schools,600,0.561,X
Hickory Grove Elementary,Charlotte-Mecklenburg Schools,600,0.544,X
Hidden Valley Elementary,Charlotte-Mecklenburg Schools,600,0.724,X
Highland Renaissance Academy,Charlotte-Mecklenburg Schools,600,0.612,X
Hornets Nest Elementary,Charlotte-Mecklenburg Schools,600,0.508,X
Huntingtowne Farms Elementary,Charlotte-Mecklenburg Schools,600,0.591,X
Idlewild Elementary,Charlotte-Mecklenburg Schools,600,0.55,X
Independence High,Charlotte-Mecklenburg Schools,600,0.32,
International Business and Communications at Olympic,Charlotte-Mecklenburg Schools,600,0.34,
J H Gunn Elementary,Charlotte-Mecklenburg Schools,600,0.575,X
James Martin Middle,Charlotte-Mecklenburg Schools,600,0.519,X
Joseph W Grier Academy,Charlotte-Mecklenburg Schools,600,0.504,X
Lake Wylie Elementary,Charlotte-Mecklenburg Schools,600,0.412,X
Lansdowne Elementary,Charlotte-Mecklenburg Schools,600,0.308,
Lebanon Road Elementary,Charlotte-Mecklenburg Schools,600,0.502,X
Long Creek Elementary,Charlotte-Mecklenburg Schools,600,0.378,
Mallard Creek,Charlotte-Mecklenburg Schools,600,0.312,
Marie G. Davis Military and Global Academy,Charlotte-Mecklenburg Schools,600,0.5,X
"Martin Luther King, Jr Middle",Charlotte-Mecklenburg Schools,600,0.634,X
McClintock Middle,Charlotte-Mecklenburg Schools,600,0.554,X
Merry Oaks Elementary,Charlotte-Mecklenburg Schools,600,0.705,X
Metro,Charlotte-Mecklenburg Schools,600,0.434,X
Montclaire Elementary,Charlotte-Mecklenburg Schools,600,0.563,X
Morgan School,Charlotte-Mecklenburg Schools,600,0.561,X
Mountain Island Elementary,Charlotte-Mecklenburg Schools,600,0.362,
Nathaniel Alexander Elem,Charlotte-Mecklenburg Schools,600,0.537,X
Nations Ford Elementary,Charlotte-Mecklenburg Schools,600,0.617,X
Newell Elementary,Charlotte-Mecklenburg Schools,600,0.613,X
North Mecklenburg High,Charlotte-Mecklenburg Schools,600,0.335,
Northeast Middle,Charlotte-Mecklenburg Schools,600,0.418,X
Northridge Middle,Charlotte-Mecklenburg Schools,600,0.491,X
Oakdale Elementary,Charlotte-Mecklenburg Schools,600,0.605,X
Oaklawn Language Academy,Charlotte-Mecklenburg Schools,600,0.43,X
Paw Creek Elementary,Charlotte-Mecklenburg Schools,600,0.558,X
Performance Learning Center,Charlotte-Mecklenburg Schools,600,0.303,
Phillip O Berry Academy of Tec,Charlotte-Mecklenburg Schools,600,0.381,
Pineville Elementary,Charlotte-Mecklenburg Schools,600,0.391,
Pinewood Elementary,Charlotte-Mecklenburg Schools,600,0.549,X
Piney Grove Elementary,Charlotte-Mecklenburg Schools,600,0.499,X
Quail Hollow Middle,Charlotte-Mecklenburg Schools,600,0.421,X
Rama Road Elementary,Charlotte-Mecklenburg Schools,600,0.62,X
Ranson Middle,Charlotte-Mecklenburg Schools,600,0.581,X
Reedy Creek Elementary,Charlotte-Mecklenburg Schools,600,0.391,
Reid Park Elementry,Charlotte-Mecklenburg Schools,600,0.829,X
River Oaks Elementary,Charlotte-Mecklenburg Schools,600,0.449,X
Robert F Kennedy Middle,Charlotte-Mecklenburg Schools,600,0.342,
Rocky River High School,Charlotte-Mecklenburg Schools,600,0.366,
Sedgefield Elementary,Charlotte-Mecklenburg Schools,600,0.692,X
Sedgefield Middle,Charlotte-Mecklenburg Schools,600,0.609,X
Shamrock Gardens Elementary,Charlotte-Mecklenburg Schools,600,0.497,X
Smithfield Elementary,Charlotte-Mecklenburg Schools,600,0.301,
Statesville Road Elementary,Charlotte-Mecklenburg Schools,600,0.675,X
Steele Creek Elementary,Charlotte-Mecklenburg Schools,600,0.38,
Sterling Elementary,Charlotte-Mecklenburg Schools,600,0.616,X
Stoney Creek Elementary,Charlotte-Mecklenburg Schools,600,0.44,X
Thomasboro Elementary,Charlotte-Mecklenburg Schools,600,0.769,X
Tuckaseegee Elementary,Charlotte-Mecklenburg Schools,600,0.591,X
Turning Point Academy,Charlotte-Mecklenburg Schools,600,0.702,X
UNCC-EPIC,Charlotte-Mecklenburg Schools,600,0.302,
University Meadows Elem,Charlotte-Mecklenburg Schools,600,0.392,
University Park Creative Arts,Charlotte-Mecklenburg Schools,600,0.609,X
Walter G Byers Elementary,Charlotte-Mecklenburg Schools,600,0.818,X
West Charlotte High,Charlotte-Mecklenburg Schools,600,0.685,X
West Mecklenburg High,Charlotte-Mecklenburg Schools,600,0.475,X
Westerly Hills Elementary,Charlotte-Mecklenburg Schools,600,0.732,X
Whitewater Academy,Charlotte-Mecklenburg Schools,600,0.573,X
Whitewater Middle,Charlotte-Mecklenburg Schools,600,0.62,X
Winding Springs Elementary,Charlotte-Mecklenburg Schools,600,0.555,X
Windsor Park Elementary,Charlotte-Mecklenburg Schools,600,0.55,X
Winterfield Elementary,Charlotte-Mecklenburg Schools,600,0.628,X
Zebulon B Vance High,Charlotte-Mecklenburg Schools,600,0.473,X
Bowman Middle,Mitchell County Schools,610,0.304,
Deyton Elementary,Mitchell County Schools,610,0.455,X
Gouge Elementary,Mitchell County Schools,610,0.42,X
Greenlee Primary,Mitchell County Schools,610,0.509,X
Harris Middle,Mitchell County Schools,610,0.335,
Mayland Early College High School,Mitchell County Schools,610,0.432,X
Candor Elementary,Montgomery County Schools,620,0.597,X
East Middle,Montgomery County Schools,620,0.462,X
East Montgomery High,Montgomery County Schools,620,0.366,
Greenridge Elementary,Montgomery County Schools,620,0.527,X
Montgomery Learning Academy,Montgomery County Schools,620,0.729,X
Mount Gilead Elementary,Montgomery County Schools,620,0.581,X
Page Street Elementary,Montgomery County Schools,620,0.425,X
Star-Biscoe Elementary,Montgomery County Schools,620,0.454,X
Troy Elementary,Montgomery County Schools,620,0.551,X
West Middle,Montgomery County Schools,620,0.425,X
West Montgomery High,Montgomery County Schools,620,0.375,
Aberdeen Elementary,Moore County Schools,630,0.533,X
Aberdeen Primary,Moore County Schools,630,0.563,X
Cameron Elementary,Moore County Schools,630,0.409,X
Carthage Elementary,Moore County Schools,630,0.425,X
Crain's Creek Middle School,Moore County Schools,630,0.369,
Elise Middle,Moore County Schools,630,0.546,X
Highfalls Elementary,Moore County Schools,630,0.308,
Pinckney Academy,Moore County Schools,630,0.613,X
Robbins Elementary,Moore County Schools,630,0.556,X
Southern Middle,Moore County Schools,630,0.416,X
Southern Pines Elementary,Moore County Schools,630,0.398,
Southern Pines Primary,Moore County Schools,630,0.42,X
Vass-Lakeview Elementary,Moore County Schools,630,0.366,
Westmoore Elementary,Moore County Schools,630,0.322,
Bailey Elementary,Nash-Rocky Mount Schools,640,0.459,X
Baskerville Elementary,Nash-Rocky Mount Schools,640,0.866,X
Benvenue Elementary,Nash-Rocky Mount Schools,640,0.518,X
Cedar Grove Elementary,Nash-Rocky Mount Schools,640,0.64,X
Coopers Elementary,Nash-Rocky Mount Schools,640,0.371,
D S Johnson Elementary,Nash-Rocky Mount Schools,640,0.85,X
Englewood Elementary,Nash-Rocky Mount Schools,640,0.494,X
Fairview Early Childhood Center,Nash-Rocky Mount Schools,640,0.809,X
G R Edwards Middle,Nash-Rocky Mount Schools,640,0.465,X
J W Parker Middle,Nash-Rocky Mount Schools,640,0.734,X
M B Hubbard Elem,Nash-Rocky Mount Schools,640,0.549,X
Middlesex Elementary,Nash-Rocky Mount Schools,640,0.484,X
Nash Central High,Nash-Rocky Mount Schools,640,0.401,X
Nash Central Middle,Nash-Rocky Mount Schools,640,0.376,
Nashville Elementary,Nash-Rocky Mount Schools,640,0.421,X
Red Oak Elementary,Nash-Rocky Mount Schools,640,0.365,
Red Oak Middle,Nash-Rocky Mount Schools,640,0.361,
Rocky Mount High,Nash-Rocky Mount Schools,640,0.468,X
Rocky Mount Middle,Nash-Rocky Mount Schools,640,0.661,X
Southern Nash Middle,Nash-Rocky Mount Schools,640,0.388,
Spring Hope Elementary,Nash-Rocky Mount Schools,640,0.504,X
Swift Creek Elementary,Nash-Rocky Mount Schools,640,0.314,
Tar River Academy,Nash-Rocky Mount Schools,640,0.689,X
Williford Elementary,Nash-Rocky Mount Schools,640,0.791,X
Winstead Avenue Elementary,Nash-Rocky Mount Schools,640,0.526,X
Bradley Creek Elementary,New Hanover County Schools,650,0.43,X
Castle Hayne Elementary,New Hanover County Schools,650,0.452,X
College Park Elementary,New Hanover County Schools,650,0.547,X
D. C. Virgo Preparatory Academy,New Hanover County Schools,650,0.832,X
Dorothy B Johnson Pre-K,New Hanover County Schools,650,0.976,X
Edwin A Alderman Elementary,New Hanover County Schools,650,0.548,X
Forest Hills Elementary,New Hanover County Schools,650,0.491,X
"Gregory School of Science, Mathematics, & Technology",New Hanover County Schools,650,0.811,X
Holly Shelter Middle School,New Hanover County Schools,650,0.387,
John J Blair Elementary,New Hanover County Schools,650,0.373,
Lake Forest Academy,New Hanover County Schools,650,0.962,X
Lakeside,New Hanover County Schools,650,0.567,X
Mary C Williams Elementary,New Hanover County Schools,650,0.632,X
Mary Sidberry Mosley,New Hanover County Schools,650,0.635,X
Murrayville Elementary,New Hanover County Schools,650,0.31,
Myrtle Grove Middle,New Hanover County Schools,650,0.307,
New Hanover High,New Hanover County Schools,650,0.394,
Pine Valley Elementary,New Hanover County Schools,650,0.367,
Rachel Freeman School of Engineering,New Hanover County Schools,650,0.931,X
Snipes Academy of Arts and Design,New Hanover County Schools,650,0.863,X
Sunset Park Elementary,New Hanover County Schools,650,0.773,X
Williston Middle,New Hanover County Schools,650,0.656,X
Wilmington Early College High,New Hanover County Schools,650,0.333,
Winter Park Model Elem,New Hanover County Schools,650,0.574,X
Wrightsboro Elementary,New Hanover County Schools,650,0.719,X
Central Elementary School,Northampton County Schools,660,0.761,X
Conway Middle,Northampton County Schools,660,0.638,X
Gaston Elementary,Northampton County Schools,660,0.738,X
GASTON MIDDLE SCHOOL,Northampton County Schools,660,0.648,X
Northampton High-East,Northampton County Schools,660,0.58,X
Squire Elementary,Northampton County Schools,660,0.752,X
Willis Hare Elementary,Northampton County Schools,660,0.757,X
Bell Fork Elementary,Onslow County Schools,670,0.357,
Clyde Erwin Elementary,Onslow County Schools,670,0.407,X
Jacksonville Commons Elem,Onslow County Schools,670,0.33,
Northwoods Elementary,Onslow County Schools,670,0.363,
Thompson Early Childhood Center,Onslow County Schools,670,0.477,X
Central Elementary,Orange County Schools,680,0.564,X
Efland Cheeks Elementary,Orange County Schools,680,0.434,X
Grady Brown Elementary,Orange County Schools,680,0.323,
Gravelly Hill Middle,Orange County Schools,680,0.304,
New Hope Elementary,Orange County Schools,680,0.358,
Partnership Academy Alternativ,Orange County Schools,680,0.543,X
Pathways Elementary,Orange County Schools,680,0.333,
Fred A Anderson Elementary,Pamlico County Schools,690,0.504,X
Pamlico County High,Pamlico County Schools,690,0.332,
Pamlico County Middle,Pamlico County Schools,690,0.463,X
Pamlico County Primary,Pamlico County Schools,690,0.583,X
Central Elementary,Pasquotank County Schools,700,0.422,X
Elizabeth City Middle,Pasquotank County Schools,700,0.456,X
H L Trigg Community,Pasquotank County Schools,700,0.667,X
J C Sawyer Elementary,Pasquotank County Schools,700,0.519,X
Northeastern High,Pasquotank County Schools,700,0.333,
Northside Elementary,Pasquotank County Schools,700,0.362,
P W Moore Elementary,Pasquotank County Schools,700,0.73,X
Pasquotank County High,Pasquotank County Schools,700,0.332,
Pasquotank Elementary,Pasquotank County Schools,700,0.545,X
River Road Middle,Pasquotank County Schools,700,0.404,X
Sheep-Harney Elementary,Pasquotank County Schools,700,0.592,X
Weeksville Elementary,Pasquotank County Schools,700,0.322,
Burgaw Elementary,Pender County Schools,710,0.525,X
Burgaw Middle,Pender County Schools,710,0.453,X
Cape Fear Elementary,Pender County Schools,710,0.453,X
Cape Fear Middle,Pender County Schools,710,0.464,X
Heide Trask High,Pender County Schools,710,0.45,X
Malpass Corner Elementary,Pender County Schools,710,0.479,X
North Topsail Elementary,Pender County Schools,710,0.42,X
Pender Early College High School,Pender County Schools,710,0.768,X
Pender High,Pender County Schools,710,0.597,X
Penderlea Elementary,Pender County Schools,710,0.497,X
Rocky Point Primary,Pender County Schools,710,0.704,X
South Topsail Elementary,Pender County Schools,710,0.315,
Topsail Elementary School,Pender County Schools,710,0.331,
Topsail High,Pender County Schools,710,0.324,
Topsail Middle,Pender County Schools,710,0.404,X
West Pender Middle,Pender County Schools,710,0.52,X
Hertford Grammar,Perquimans County Schools,720,0.474,X
Perquimans Central,Perquimans County Schools,720,0.524,X
Perquimans County High,Perquimans County Schools,720,0.344,
Perquimans County Middle,Perquimans County Schools,720,0.45,X
Earl Bradsher Pre-K Center,Person County Schools,730,0.692,X
Helena Elementary,Person County Schools,730,0.315,
North Elementary,Person County Schools,730,0.786,X
North End Elementary,Person County Schools,730,0.557,X
Northern Middle,Person County Schools,730,0.47,X
Oak Lane Elementary,Person County Schools,730,0.342,
Person High,Person County Schools,730,0.362,
South Elementary,Person County Schools,730,0.641,X
Southern Middle,Person County Schools,730,0.408,X
Stories Creek Elementary,Person County Schools,730,0.507,X
Woodland Elementary,Person County Schools,730,0.381,
A G Cox Middle,Pitt County Schools,740,0.323,
Ayden Elementary,Pitt County Schools,740,0.516,X
Ayden Middle,Pitt County Schools,740,0.434,X
Ayden-Grifton High,Pitt County Schools,740,0.388,
Belvoir Elementary,Pitt County Schools,740,0.742,X
Bethel Elementary,Pitt County Schools,740,0.569,X
C M Eppes Middle,Pitt County Schools,740,0.639,X
Creekside Elementary School,Pitt County Schools,740,0.421,X
E B Aycock Middle,Pitt County Schools,740,0.525,X
Eastern Elementary,Pitt County Schools,740,0.486,X
Elmhurst Elementary,Pitt County Schools,740,0.677,X
Falkland Elementary,Pitt County Schools,740,0.69,X
Farmville Central High,Pitt County Schools,740,0.442,X
Farmville Middle,Pitt County Schools,740,0.525,X
G R Whitfield Elementary,Pitt County Schools,740,0.491,X
Grifton Elementary,Pitt County Schools,740,0.561,X
H B Sugg Elementary,Pitt County Schools,740,0.595,X
Junius H Rose High,Pitt County Schools,740,0.437,X
Lakeforest Elementary,Pitt County Schools,740,0.692,X
North Pitt High,Pitt County Schools,740,0.493,X
Northwest Elementary,Pitt County Schools,740,0.732,X
Pactolus Elementary,Pitt County Schools,740,0.637,X
Ridgewood Elementary Schoo,Pitt County Schools,740,0.325,
Sadie Saulter Educational Center,Pitt County Schools,740,0.655,X
Sam D Bundy Elementary,Pitt County Schools,740,0.537,X
South Central High,Pitt County Schools,740,0.352,
South Greenville Elementary,Pitt County Schools,740,0.813,X
Stokes Elementary,Pitt County Schools,740,0.424,X
W H Robinson Elementary,Pitt County Schools,740,0.422,X
Wahl Coates Elementary,Pitt County Schools,740,0.68,X
Wellcome Middle,Pitt County Schools,740,0.633,X
Wintergreen Primary,Pitt County Schools,740,0.346,
Polk Central,Polk County Schools,750,0.534,X
Polk County Middle,Polk County Schools,750,0.383,
Saluda Elementary,Polk County Schools,750,0.446,X
Sunny View Elementary,Polk County Schools,750,0.512,X
Tryon Elementary,Polk County Schools,750,0.469,X
Archdale Elementary,Randolph County Schools,760,0.401,X
Braxton Craven Middle,Randolph County Schools,760,0.3,
Coleridge Elementary,Randolph County Schools,760,0.446,X
Eastern Randolph High,Randolph County Schools,760,0.343,
Farmer Elementary,Randolph County Schools,760,0.368,
Franklinville Elementary,Randolph County Schools,760,0.478,X
Grays Chapel Elementary,Randolph County Schools,760,0.419,X
Hopewell Elementary,Randolph County Schools,760,0.309,
Level Cross Elementary,Randolph County Schools,760,0.399,
Liberty Elem,Randolph County Schools,760,0.437,X
New Market Elementary,Randolph County Schools,760,0.432,X
Northeastern Randolph Middle,Randolph County Schools,760,0.361,
Ramseur Elementary,Randolph County Schools,760,0.645,X
Randleman Elementary,Randolph County Schools,760,0.473,X
Randleman High,Randolph County Schools,760,0.317,
Randleman Middle,Randolph County Schools,760,0.435,X
Seagrove Elementary,Randolph County Schools,760,0.471,X
Southeastern Randolph Mid,Randolph County Schools,760,0.437,X
Southmont Elementary,Randolph County Schools,760,0.433,X
Southwestern Randolph High,Randolph County Schools,760,0.302,
Southwestern Randolph Mid,Randolph County Schools,760,0.398,
Tabernacle Elementary,Randolph County Schools,760,0.431,X
Trindale Elementary,Randolph County Schools,760,0.364,
Trinity Elementary,Randolph County Schools,760,0.446,X
Uwharrie Middle,Randolph County Schools,760,0.327,
Asheboro High,Asheboro City Schools,761,0.371,
Balfour Elementary,Asheboro City Schools,761,0.584,X
Charles W McCrary Elementary,Asheboro City Schools,761,0.661,X
Donna L Loflin Elementary,Asheboro City Schools,761,0.568,X
Guy B Teachey Elementary,Asheboro City Schools,761,0.44,X
Lindley Park Elementary,Asheboro City Schools,761,0.466,X
North Asheboro Middle,Asheboro City Schools,761,0.561,X
South Asheboro Middle,Asheboro City Schools,761,0.4,X
Cordova Elementary,Richmond County Schools,770,0.522,X
East Rockingham Elementary,Richmond County Schools,770,0.702,X
Ellerbe Middle School,Richmond County Schools,770,0.532,X
Fairview Heights Elementary,Richmond County Schools,770,0.577,X
Hamlet Middle School,Richmond County Schools,770,0.522,X
L J Bell Elementary,Richmond County Schools,770,0.57,X
Leak Street High School,Richmond County Schools,770,0.773,X
Mineral Springs Elementary,Richmond County Schools,770,0.593,X
Monroe Avenue Elementary,Richmond County Schools,770,0.708,X
Richmond 9th Grade Academy,Richmond County Schools,770,0.501,X
Richmond Early College,Richmond County Schools,770,0.368,
Richmond Senior High,Richmond County Schools,770,0.426,X
Rockingham Middle School,Richmond County Schools,770,0.466,X
Rohanen Middle School,Richmond County Schools,770,0.615,X
Washington Street,Richmond County Schools,770,0.617,X
West Rockingham Elementary,Richmond County Schools,770,0.704,X
Deep Branch Elementary,Robeson County Schools,780,0.734,X
East Robeson Primary,Robeson County Schools,780,0.676,X
Fairgrove Middle,Robeson County Schools,780,0.606,X
Fairmont High,Robeson County Schools,780,0.533,X
Fairmont Middle,Robeson County Schools,780,0.705,X
Green Grove Elementary,Robeson County Schools,780,0.739,X
Janie C Hargrave Elem,Robeson County Schools,780,0.769,X
L Gilbert Carroll Middle,Robeson County Schools,780,0.569,X
Littlefield Middle,Robeson County Schools,780,0.52,X
Long Branch Elementary,Robeson County Schools,780,0.746,X
Lumberton Junior High,Robeson County Schools,780,0.612,X
Lumberton Senior High,Robeson County Schools,780,0.46,X
Magnolia Elementary,Robeson County Schools,780,0.645,X
Orrum Middle,Robeson County Schools,780,0.617,X
Oxendine Elementary,Robeson County Schools,780,0.743,X
Parkton Elementary,Robeson County Schools,780,0.703,X
Pembroke Elementary,Robeson County Schools,780,0.657,X
Pembroke Middle,Robeson County Schools,780,0.588,X
Peterson Elementary,Robeson County Schools,780,0.773,X
Piney Grove Elementary,Robeson County Schools,780,0.685,X
Prospect Elementary,Robeson County Schools,780,0.493,X
Purnell Swett High,Robeson County Schools,780,0.445,X
R B Dean Elementary,Robeson County Schools,780,0.822,X
Red Springs High,Robeson County Schools,780,0.523,X
Red Springs Middle,Robeson County Schools,780,0.642,X
Rex-Rennert Elementary,Robeson County Schools,780,0.715,X
Rosenwald Elementary,Robeson County Schools,780,0.793,X
Rowland Middle,Robeson County Schools,780,0.621,X
Rowland Norment Elementary,Robeson County Schools,780,0.725,X
Saint Pauls Elementary,Robeson County Schools,780,0.68,X
Saint Pauls High,Robeson County Schools,780,0.452,X
Saint Pauls Middle,Robeson County Schools,780,0.544,X
South Robeson High,Robeson County Schools,780,0.524,X
Southside/Ashpole Elem,Robeson County Schools,780,0.786,X
Tanglewood Elementary,Robeson County Schools,780,0.341,
Townsend Middle,Robeson County Schools,780,0.629,X
Union Chapel Elementary,Robeson County Schools,780,0.637,X
Union Elementary,Robeson County Schools,780,0.601,X
W H Knuckles,Robeson County Schools,780,0.915,X
West Lumberton Elementary,Robeson County Schools,780,0.885,X
Central Elementary,Rockingham County Schools,790,0.525,X
Douglass Elementary,Rockingham County Schools,790,0.52,X
Draper Elementary,Rockingham County Schools,790,0.667,X
Huntsville Elementary,Rockingham County Schools,790,0.443,X
J E Holmes Middle,Rockingham County Schools,790,0.522,X
John M Morehead High,Rockingham County Schools,790,0.398,
John W Dillard Elementary,Rockingham County Schools,790,0.62,X
Leaksville-Spray Elementary,Rockingham County Schools,790,0.612,X
Lincoln Elementary,Rockingham County Schools,790,0.537,X
Monroeton Elementary,Rockingham County Schools,790,0.501,X
Moss Street Elementary,Rockingham County Schools,790,0.781,X
Reidsville High,Rockingham County Schools,790,0.44,X
Reidsville Middle,Rockingham County Schools,790,0.557,X
Rockingham County Middle,Rockingham County Schools,790,0.32,
South End Elementary,Rockingham County Schools,790,0.551,X
Stoneville Elementary,Rockingham County Schools,790,0.506,X
The SCORE Center,Rockingham County Schools,790,0.683,X
Wentworth Elementary,Rockingham County Schools,790,0.383,
Western Rockingham Middle,Rockingham County Schools,790,0.366,
Williamsburg Elementary,Rockingham County Schools,790,0.584,X
Bostian Elementary,Rowan-Salisbury Schools,800,0.328,
Carroll T Overton Elementary,Rowan-Salisbury Schools,800,0.632,X
Charles C Erwin Middle,Rowan-Salisbury Schools,800,0.312,
China Grove Elementary,Rowan-Salisbury Schools,800,0.481,X
China Grove Middle,Rowan-Salisbury Schools,800,0.359,
Cleveland Elementary,Rowan-Salisbury Schools,800,0.389,
Corriher Lipe Middle,Rowan-Salisbury Schools,800,0.399,
E Hanford Dole Elementary,Rowan-Salisbury Schools,800,0.676,X
Elizabeth Koontz Elementary,Rowan-Salisbury Schools,800,0.722,X
Enochville Elementary,Rowan-Salisbury Schools,800,0.39,
Faith Elementary,Rowan-Salisbury Schools,800,0.387,
Granite Quarry Elementary,Rowan-Salisbury Schools,800,0.422,X
H D Isenberg Elementary,Rowan-Salisbury Schools,800,0.572,X
Henderson Independent High,Rowan-Salisbury Schools,800,0.75,X
Hurley Elementary,Rowan-Salisbury Schools,800,0.549,X
Knollwood Elementary,Rowan-Salisbury Schools,800,0.492,X
Knox Middle,Rowan-Salisbury Schools,800,0.617,X
Landis Elementary,Rowan-Salisbury Schools,800,0.533,X
Millbridge Elementary,Rowan-Salisbury Schools,800,0.356,
Morgan Elementary,Rowan-Salisbury Schools,800,0.438,X
Mount Ulla Elementary,Rowan-Salisbury Schools,800,0.369,
North Rowan Elementary,Rowan-Salisbury Schools,800,0.638,X
North Rowan High,Rowan-Salisbury Schools,800,0.432,X
North Rowan Middle,Rowan-Salisbury Schools,800,0.513,X
Rockwell Elementary,Rowan-Salisbury Schools,800,0.335,
Rowan County Early College,Rowan-Salisbury Schools,800,0.309,
Salisbury High,Rowan-Salisbury Schools,800,0.438,X
Shive Elementary,Rowan-Salisbury Schools,800,0.45,X
South Rowan High,Rowan-Salisbury Schools,800,0.333,
Southeast Middle,Rowan-Salisbury Schools,800,0.302,
West Rowan Middle,Rowan-Salisbury Schools,800,0.33,
Woodleaf Elementary,Rowan-Salisbury Schools,800,0.429,X
Carver Center,Rutherford County Schools,810,0.761,X
Chase High,Rutherford County Schools,810,0.374,
Chase Middle,Rutherford County Schools,810,0.49,X
Cliffside Elementary,Rutherford County Schools,810,0.627,X
East Rutherford High,Rutherford County Schools,810,0.384,
East Rutherford Middle,Rutherford County Schools,810,0.524,X
Ellenboro Elementary,Rutherford County Schools,810,0.548,X
Forest City Dunbar Elementary,Rutherford County Schools,810,0.872,X
Forrest W Hunt Elementary,Rutherford County Schools,810,0.649,X
Harris Elementary,Rutherford County Schools,810,0.498,X
Mt Vernon-Ruth Elementary,Rutherford County Schools,810,0.693,X
Pinnacle Elementary,Rutherford County Schools,810,0.495,X
R S Central,Rutherford County Schools,810,0.414,X
R S Middle,Rutherford County Schools,810,0.497,X
Rutherford Opportunity Center,Rutherford County Schools,810,0.8,X
Rutherfordton Elementary,Rutherford County Schools,810,0.543,X
Spindale Elementary,Rutherford County Schools,810,0.829,X
Sunshine Elementary,Rutherford County Schools,810,0.546,X
Clement Elementary,Sampson County Schools,820,0.488,X
Hargrove Elementary,Sampson County Schools,820,0.577,X
Hobbton Elementary,Sampson County Schools,820,0.546,X
Hobbton High,Sampson County Schools,820,0.377,
Hobbton Middle,Sampson County Schools,820,0.468,X
Lakewood High,Sampson County Schools,820,0.45,X
Midway Elementary,Sampson County Schools,820,0.43,X
Midway Middle,Sampson County Schools,820,0.351,
Plain View Elementary,Sampson County Schools,820,0.412,X
Roseboro Elementary School,Sampson County Schools,820,0.637,X
Roseboro-Salemburg Middle,Sampson County Schools,820,0.549,X
Salemburg Elementary,Sampson County Schools,820,0.581,X
Union Elementary,Sampson County Schools,820,0.606,X
Union High,Sampson County Schools,820,0.443,X
Union Intermediate School,Sampson County Schools,820,0.59,X
Union Middle,Sampson County Schools,820,0.564,X
Butler Avenue Elementary,Clinton City Schools,821,0.529,X
Clinton High,Clinton City Schools,821,0.362,
Langdon C Kerr Elem,Clinton City Schools,821,0.595,X
Sampson Middle,Clinton City Schools,821,0.412,X
Sunset Avenue Elementary School,Clinton City Schools,821,0.478,X
Carver Middle,Scotland County Schools,830,0.646,X
Covington Street Elementary,Scotland County Schools,830,0.612,X
I E Johnson Elementary,Scotland County Schools,830,0.831,X
Laurel Hill Elementary,Scotland County Schools,830,0.574,X
North Laurinburg Elementary,Scotland County Schools,830,0.888,X
Pate Gardner Elementary,Scotland County Schools,830,0.766,X
Scotland County High School,Scotland County Schools,830,0.505,X
Scotland Early College High School,Scotland County Schools,830,0.369,
Shaw Academy,Scotland County Schools,830,0.82,X
South Scotland Elementary,Scotland County Schools,830,0.481,X
Spring Hill Middle,Scotland County Schools,830,0.502,X
Sycamore Lane Middle,Scotland County Schools,830,0.545,X
Wagram Primary,Scotland County Schools,830,0.671,X
Washington Park Elementary,Scotland County Schools,830,0.615,X
Albemarle High,Stanly County Schools,840,0.472,X
Albemarle Middle,Stanly County Schools,840,0.581,X
Aquadale Elementary,Stanly County Schools,840,0.375,
Badin Elementary,Stanly County Schools,840,0.477,X
Central Elementary,Stanly County Schools,840,0.666,X
East Albemarle Elementary,Stanly County Schools,840,0.647,X
Endy Elementary,Stanly County Schools,840,0.322,
Millingport Elementary,Stanly County Schools,840,0.39,
Norwood Elementary,Stanly County Schools,840,0.444,X
Oakboro Elementary,Stanly County Schools,840,0.347,
South Stanly Middle,Stanly County Schools,840,0.371,
Stanfield Elementary,Stanly County Schools,840,0.32,
Stanly Academy,Stanly County Schools,840,0.735,X
Francisco Elementary,Stokes County Schools,850,0.603,X
Germanton Elementary,Stokes County Schools,850,0.367,
King Elementary,Stokes County Schools,850,0.435,X
Lawsonville Elementary,Stokes County Schools,850,0.308,
London Elementary,Stokes County Schools,850,0.46,X
Meadowbrook School,Stokes County Schools,850,0.583,X
Nancy Reynolds Elementary,Stokes County Schools,850,0.404,X
Pine Hall Elementary,Stokes County Schools,850,0.534,X
Piney Grove Middle,Stokes County Schools,850,0.356,
Pinnacle Elementary,Stokes County Schools,850,0.429,X
Popular Springs Elementary,Stokes County Schools,850,0.311,
Sandy Ridge  Elem,Stokes County Schools,850,0.407,X
Southeastern Stokes Middle,Stokes County Schools,850,0.353,
Walnut Cove Elementary,Stokes County Schools,850,0.444,X
Cedar Ridge Elementary,Surry County Schools,860,0.511,X
Central Middle,Surry County Schools,860,0.433,X
Copeland Elementary,Surry County Schools,860,0.533,X
Dobson Elementary,Surry County Schools,860,0.425,X
Flat Rock Elementary,Surry County Schools,860,0.658,X
Franklin Elementary,Surry County Schools,860,0.529,X
J Sam Gentry Middle,Surry County Schools,860,0.338,
Meadowview Middle,Surry County Schools,860,0.532,X
Mountain Park Elementary,Surry County Schools,860,0.513,X
North Surry High,Surry County Schools,860,0.349,
Pilot Mountain Elementary,Surry County Schools,860,0.392,
Pilot Mountain Middle,Surry County Schools,860,0.347,
Rockford Elementary,Surry County Schools,860,0.465,X
Surry Central High,Surry County Schools,860,0.322,
Surry Early College High School of Design,Surry County Schools,860,0.356,
Westfield Elementary,Surry County Schools,860,0.465,X
White Plains Elementary,Surry County Schools,860,0.374,
Bruce H Tharrington Elem,Mount Airy City Schools,862,0.471,X
Jones Intermediate,Mount Airy City Schools,862,0.377,
Mount Airy Middle,Mount Airy City Schools,862,0.381,
Swain Co East Elementary,Swain County Schools,870,0.37,
Swain Co West Elementary,Swain County Schools,870,0.455,X
Swain County Middle,Swain County Schools,870,0.374,
Brevard Elementary,Transylvania County Schools,880,0.524,X
Brevard High,Transylvania County Schools,880,0.311,
Brevard Middle,Transylvania County Schools,880,0.388,
Davidson River School,Transylvania County Schools,880,0.659,X
Pisgah Forest Elementary,Transylvania County Schools,880,0.461,X
Rosman Elementary,Transylvania County Schools,880,0.549,X
Rosman High,Transylvania County Schools,880,0.379,
Rosman Middle,Transylvania County Schools,880,0.436,X
T C Henderson Elementary,Transylvania County Schools,880,0.526,X
Columbia High,Tyrrell County Schools,890,0.327,
Columbia Middle,Tyrrell County Schools,890,0.541,X
Tyrrell Elementary,Tyrrell County Schools,890,0.517,X
Benton Heights Elementary,Union County Public Schools,900,0.531,X
East Elementary,Union County Public Schools,900,0.777,X
East Union Middle,Union County Public Schools,900,0.457,X
Forest Hills High,Union County Public Schools,900,0.377,
Marshville Elementary,Union County Public Schools,900,0.559,X
Monroe High,Union County Public Schools,900,0.459,X
Monroe Middle,Union County Public Schools,900,0.507,X
Prospect Elementary,Union County Public Schools,900,0.328,
Rock Rest Elementary,Union County Public Schools,900,0.64,X
Rocky River Elementary,Union County Public Schools,900,0.364,
Sardis Elementary,Union County Public Schools,900,0.362,
South Providence,Union County Public Schools,900,0.633,X
Union Elementary,Union County Public Schools,900,0.458,X
Walter Bickett Elementary,Union County Public Schools,900,0.648,X
Wingate Elementary,Union County Public Schools,900,0.587,X
Aycock Elementary,Vance County Schools,910,0.627,X
Carver Elementary,Vance County Schools,910,0.678,X
Clarke Elementary,Vance County Schools,910,0.733,X
Dabney Elementary,Vance County Schools,910,0.671,X
E M Rollins Elementary,Vance County Schools,910,0.747,X
E O Young Jr Elementary,Vance County Schools,910,0.647,X
Eaton-Johnson Middle,Vance County Schools,910,0.678,X
Henderson Middle,Vance County Schools,910,0.755,X
L B Yancey Elementary,Vance County Schools,910,0.78,X
New Hope Elementary,Vance County Schools,910,0.738,X
Northern Vance High,Vance County Schools,910,0.54,X
Pinkston Street Elementary,Vance County Schools,910,0.816,X
Southern Vance High,Vance County Schools,910,0.552,X
STEM Early High School,Vance County Schools,910,0.481,X
Western Vance High,Vance County Schools,910,0.679,X
Zeb Vance Elementary,Vance County Schools,910,0.612,X
Aversboro Elementary,Wake County Schools,920,0.349,
Baileywick Road Elementary,Wake County Schools,920,0.331,
Bar Well Road Elementary,Wake County Schools,920,0.446,X
Brentwood Elementary,Wake County Schools,920,0.465,X
Bugg Elementary,Wake County Schools,920,0.411,X
Carroll Middle,Wake County Schools,920,0.31,
Carver Elementary,Wake County Schools,920,0.392,
Conn Elementary,Wake County Schools,920,0.355,
Creech Road Elementary,Wake County Schools,920,0.494,X
Dillard Drive Elementary,Wake County Schools,920,0.386,
Dillard Drive Middle,Wake County Schools,920,0.304,
East Garner Elementary,Wake County Schools,920,0.502,X
East Garner Middle,Wake County Schools,920,0.313,
East Millbrook Middle,Wake County Schools,920,0.397,
East Wake High,Wake County Schools,920,0.306,
East Wake Middle,Wake County Schools,920,0.342,
Forestville Road Elementary,Wake County Schools,920,0.336,
Fox Road Elementary,Wake County Schools,920,0.438,X
Green Elementary,Wake County Schools,920,0.504,X
Hodge Road Elementary,Wake County Schools,920,0.428,X
Hunter Elementary,Wake County Schools,920,0.331,
Knightdale Elementary,Wake County Schools,920,0.425,X
Lake Myra Elementary,Wake County Schools,920,0.306,
Lincoln Heights Elementary,Wake County Schools,920,0.477,X
Lockhart Elementary,Wake County Schools,920,0.345,
Longview,Wake County Schools,920,0.667,X
Lynn Road Elementary,Wake County Schools,920,0.359,
Millbrook Elementary,Wake County Schools,920,0.398,
Moore Square Museum Magnet Mid,Wake County Schools,920,0.3,
Mount Vernon,Wake County Schools,920,0.526,X
Phillips High,Wake County Schools,920,0.554,X
Poe Elementary,Wake County Schools,920,0.512,X
Powell Elementary,Wake County Schools,920,0.465,X
Project Enlightenment,Wake County Schools,920,0.533,X
Reedy Creek Elementary,Wake County Schools,920,0.37,
Richland Creek Elementary,Wake County Schools,920,0.373,
River Bend Elementary,Wake County Schools,920,0.376,
River Oaks Middle,Wake County Schools,920,0.603,X
Smith Elementary,Wake County Schools,920,0.415,X
Southeast Raleigh High,Wake County Schools,920,0.337,
Stough Elementary,Wake County Schools,920,0.361,
Vandora Springs Elementary,Wake County Schools,920,0.379,
Wakelon Elementary,Wake County Schools,920,0.562,X
Walnut Creek Elementary,Wake County Schools,920,0.554,X
Wendell Elementary,Wake County Schools,920,0.365,
Wendell Middle,Wake County Schools,920,0.316,
Wilburn Elementary,Wake County Schools,920,0.461,X
Wildwood Forest Elementary,Wake County Schools,920,0.327,
Yates Mill Elementary,Wake County Schools,920,0.345,
York Elementary,Wake County Schools,920,0.357,
Zebulon Elementary,Wake County Schools,920,0.406,X
Zebulon Middle,Wake County Schools,920,0.344,
Mariam Boyd Elementary,Warren County Schools,930,0.794,X
Northside Elementary,Warren County Schools,930,0.689,X
South Warren Elementary,Warren County Schools,930,0.665,X
Vaughan Elementary,Warren County Schools,930,0.607,X
Warren County High,Warren County Schools,930,0.569,X
Warren County Middle,Warren County Schools,930,0.618,X
Warren Early College,Warren County Schools,930,0.375,
Warren New Tech High School,Warren County Schools,930,0.405,X
Creswell Elementary,Washington County Schools,940,0.484,X
Creswell High,Washington County Schools,940,0.395,
Pines Elementary,Washington County Schools,940,0.746,X
Plymouth High,Washington County Schools,940,0.58,X
Washington County Union,Washington County Schools,940,0.691,X
Cove Creek Elementary,Watauga County Schools,950,0.322,
Green Valley Elementary,Watauga County Schools,950,0.374,
Mabel Elementary,Watauga County Schools,950,0.327,
Brogden Middle,Wayne County Public Schools,960,0.566,X
Brogden Primary,Wayne County Public Schools,960,0.669,X
Carver Elementary,Wayne County Public Schools,960,0.593,X
Carver Heights,Wayne County Public Schools,960,0.853,X
Dillard Middle,Wayne County Public Schools,960,0.82,X
Eastern Wayne Elementary,Wayne County Public Schools,960,0.51,X
Eastern Wayne High,Wayne County Public Schools,960,0.306,
Eastern Wayne Middle,Wayne County Public Schools,960,0.402,X
Edgewood Cmty Developmental,Wayne County Public Schools,960,0.347,
Fremont Elementary,Wayne County Public Schools,960,0.478,X
Goldsboro High,Wayne County Public Schools,960,0.69,X
Grantham,Wayne County Public Schools,960,0.459,X
Greenwood Middle,Wayne County Public Schools,960,0.427,X
Meadow Lane Elementary,Wayne County Public Schools,960,0.387,
Mount Olive Middle,Wayne County Public Schools,960,0.451,X
North Drive Elementary,Wayne County Public Schools,960,0.825,X
Northeast Elementary,Wayne County Public Schools,960,0.426,X
Northwest Elementary,Wayne County Public Schools,960,0.349,
Norwayne Middle,Wayne County Public Schools,960,0.338,
Rosewood Elementary,Wayne County Public Schools,960,0.388,
Rosewood Middle,Wayne County Public Schools,960,0.326,
School Street Elementary,Wayne County Public Schools,960,0.876,X
Southern Wayne High,Wayne County Public Schools,960,0.418,X
Spring Creek Elementary,Wayne County Public Schools,960,0.493,X
Spring Creek High,Wayne County Public Schools,960,0.336,
Tommys Road Elementary,Wayne County Public Schools,960,0.457,X
Wayne Academy,Wayne County Public Schools,960,0.612,X
Boomer-Ferguson Elementary,Wilkes County Schools,970,0.61,X
C B Eller Elementary,Wilkes County Schools,970,0.44,X
C C Wright Elementary,Wilkes County Schools,970,0.538,X
Central Wilkes Middle,Wilkes County Schools,970,0.428,X
East Wilkes High,Wilkes County Schools,970,0.303,
East Wilkes Middle,Wilkes County Schools,970,0.377,
Millers Creek Elementary,Wilkes County Schools,970,0.444,X
Moravian Falls Elementary,Wilkes County Schools,970,0.568,X
Mount Pleasant Elementary,Wilkes County Schools,970,0.317,
Mountain View Elementary,Wilkes County Schools,970,0.444,X
Mulberry Elementary,Wilkes County Schools,970,0.55,X
North Wilkes High,Wilkes County Schools,970,0.338,
North Wilkes Middle,Wilkes County Schools,970,0.449,X
North Wilkesboro Elementary,Wilkes County Schools,970,0.711,X
Roaring River Elementary,Wilkes County Schools,970,0.444,X
Ronda-Clingman Elementary,Wilkes County Schools,970,0.353,
Traphill Elementary,Wilkes County Schools,970,0.47,X
West Wilkes Middle,Wilkes County Schools,970,0.374,
Wilkes Central High,Wilkes County Schools,970,0.339,
Wilkes Early College High,Wilkes County Schools,970,0.362,
Wilkesboro Elementary,Wilkes County Schools,970,0.415,X
B O Barnes Elementary,Wilson County Schools,980,0.715,X
Beddingfield High,Wilson County Schools,980,0.483,X
Charles H Darden Middle,Wilson County Schools,980,0.646,X
Elm City Elementary,Wilson County Schools,980,0.524,X
Elm City Middle,Wilson County Schools,980,0.336,
Fike High,Wilson County Schools,980,0.318,
Forest Hills Middle,Wilson County Schools,980,0.425,X
Gardners Elementary,Wilson County Schools,980,0.486,X
John W. Jones Elementary,Wilson County Schools,980,0.335,
Lee Woodard Elementary,Wilson County Schools,980,0.433,X
Lucama Elementary,Wilson County Schools,980,0.496,X
Margaret Hearne Elementary,Wilson County Schools,980,0.756,X
Milton M Daniels Learning Ctr.,Wilson County Schools,980,0.687,X
Speight Middle,Wilson County Schools,980,0.366,
Springfield Middle,Wilson County Schools,980,0.312,
Stantonsburg Elementary,Wilson County Schools,980,0.487,X
Toisnot Middle,Wilson County Schools,980,0.515,X
Vick Elementary,Wilson County Schools,980,0.751,X
Vinson-Bynum Elementary,Wilson County Schools,980,0.379,
Wells Elementary,Wilson County Schools,980,0.428,X
Wilson Early College Academy,Wilson County Schools,980,0.331,
Winstead Elementary,Wilson County Schools,980,0.629,X
Boonville Elementary,Yadkin County Schools,990,0.301,
East Bend Elementary,Yadkin County Schools,990,0.36,
Jonesville Elementary,Yadkin County Schools,990,0.435,X
West Yadkin Elementary,Yadkin County Schools,990,0.311,
Yadkin Success Academy,Yadkin County Schools,990,0.46,X
Yadkinville Elementary,Yadkin County Schools,990,0.397,
Bald Creek Elementary,Yancey County Schools,995,0.445,X
Burnsville Elementary,Yancey County Schools,995,0.507,X
Cane River Middle,Yancey County Schools,995,0.366,
Clearmont Elementary,Yancey County Schools,995,0.331,
East Yancey Middle,Yancey County Schools,995,0.393,
Micaville Elementary,Yancey County Schools,995,0.412,X
South Toe Elementary,Yancey County Schools,995,0.422,X
Cherokee Elementary,Cherokee Central School,1009,0.448,X
Cherokee High School,Cherokee Central School,1009,0.301,
Cherokee Middle School,Cherokee Central School,1009,0.434,X